t,v,vw,o,c,h,l,n
2024-03-25 13:29:00,100,5.42,5.42,5.42,5.42,5.42,1
2024-03-25 13:30:00,55478,5.458,5.43,5.46,5.51,5.42,141
2024-03-25 13:31:00,9309,5.4918,5.5,5.49,5.52,5.48,75
2024-03-25 13:32:00,5145,5.4965,5.5,5.5,5.52,5.485,40
2024-03-25 13:33:00,16078,5.5121,5.5,5.56,5.57,5.495,108
2024-03-25 13:34:00,7813,5.5529,5.56,5.5599,5.565,5.545,52
2024-03-25 13:35:00,5340,5.5569,5.55,5.565,5.565,5.55,38
2024-03-25 13:36:00,7007,5.5589,5.565,5.555,5.565,5.55,65
2024-03-25 13:37:00,5791,5.5508,5.55,5.55,5.555,5.55,48
2024-03-25 13:38:00,11455,5.5476,5.55,5.54,5.56,5.54,91
2024-03-25 13:39:00,6617,5.5563,5.55,5.56,5.56,5.55,83
2024-03-25 13:40:00,13773,5.5202,5.555,5.51,5.555,5.5,96
2024-03-25 13:41:00,3010,5.5051,5.505,5.51,5.51,5.5,15
2024-03-25 13:42:00,2451,5.5117,5.51,5.51,5.515,5.51,40
2024-03-25 13:43:00,5790,5.4969,5.515,5.4897,5.515,5.4897,41
2024-03-25 13:44:00,1388,5.4946,5.5,5.495,5.5,5.49,21
2024-03-25 13:45:00,14877,5.4971,5.495,5.49,5.51,5.49,146
2024-03-25 13:46:00,681,5.5005,5.5,5.5,5.5,5.5,22
2024-03-25 13:47:00,1318,5.49,5.49,5.49,5.49,5.49,18
2024-03-25 13:48:00,2326,5.4919,5.495,5.4998,5.4998,5.485,28
2024-03-25 13:49:00,6888,5.5011,5.5,5.505,5.51,5.499,64
2024-03-25 13:50:00,1880,5.4972,5.5,5.495,5.5,5.495,12
2024-03-25 13:51:00,891,5.4991,5.4997,5.5,5.5,5.495,12
2024-03-25 13:52:00,205,5.4965,5.495,5.495,5.495,5.495,5
2024-03-25 13:53:00,423,5.4949,5.495,5.495,5.495,5.495,7
2024-03-25 13:54:00,7251,5.4804,5.49,5.475,5.49,5.465,50
2024-03-25 13:55:00,403,5.4648,5.465,5.465,5.465,5.465,9
2024-03-25 13:56:00,6299,5.4556,5.465,5.445,5.465,5.44,49
2024-03-25 13:57:00,490,5.4511,5.445,5.45,5.45,5.445,8
2024-03-25 13:58:00,1207,5.4447,5.445,5.4406,5.445,5.4406,19
2024-03-25 13:59:00,5225,5.4526,5.45,5.465,5.47,5.45,46
2024-03-25 14:00:00,1048,5.4612,5.465,5.46,5.465,5.46,22
2024-03-25 14:01:00,1617,5.4516,5.45,5.455,5.455,5.45,21
2024-03-25 14:02:00,2081,5.4522,5.455,5.4505,5.46,5.4501,15
2024-03-25 14:03:00,535,5.455,5.455,5.455,5.455,5.455,9
2024-03-25 14:04:00,543,5.456,5.4592,5.455,5.4592,5.455,6
2024-03-25 14:05:00,1692,5.452,5.455,5.455,5.455,5.4501,15
2024-03-25 14:06:00,1803,5.4559,5.46,5.455,5.46,5.455,23
2024-03-25 14:07:00,5684,5.4525,5.455,5.4505,5.46,5.45,53
2024-03-25 14:08:00,744,5.4551,5.455,5.455,5.455,5.455,15
2024-03-25 14:09:00,771,5.4548,5.46,5.455,5.46,5.45,11
2024-03-25 14:10:00,322,5.4517,5.45,5.45,5.455,5.45,5
2024-03-25 14:11:00,358,5.4544,5.455,5.455,5.455,5.455,6
2024-03-25 14:12:00,1935,5.4552,5.455,5.455,5.455,5.455,46
2024-03-25 14:13:00,15881,5.4653,5.46,5.455,5.48,5.455,173
2024-03-25 14:14:00,2419,5.4578,5.46,5.455,5.46,5.455,9
2024-03-25 14:15:00,3748,5.4492,5.455,5.445,5.455,5.44,38
2024-03-25 14:16:00,505,5.4397,5.44,5.435,5.445,5.435,16
2024-03-25 14:17:00,587,5.4344,5.435,5.435,5.435,5.4305,9
2024-03-25 14:18:00,132,5.4304,5.43,5.43,5.43,5.43,5
2024-03-25 14:19:00,3208,5.4352,5.435,5.435,5.435,5.435,22
2024-03-25 14:20:00,660,5.4343,5.44,5.43,5.44,5.43,11
2024-03-25 14:21:00,4529,5.4315,5.435,5.425,5.435,5.425,43
2024-03-25 14:22:00,10190,5.4104,5.42,5.405,5.42,5.4,59
2024-03-25 14:23:00,7749,5.4081,5.404,5.405,5.41,5.4,53
2024-03-25 14:24:00,2032,5.399,5.4,5.39,5.4,5.39,17
2024-03-25 14:25:00,1452,5.3928,5.395,5.395,5.395,5.39,14
2024-03-25 14:26:00,8205,5.3985,5.395,5.4003,5.41,5.395,84
2024-03-25 14:27:00,1638,5.4055,5.4,5.405,5.41,5.4,22
2024-03-25 14:28:00,1309,5.405,5.405,5.405,5.405,5.405,19
2024-03-25 14:29:00,3093,5.4052,5.405,5.405,5.41,5.405,52
2024-03-25 14:30:00,8470,5.411,5.41,5.415,5.42,5.405,107
2024-03-25 14:31:00,1497,5.4155,5.414,5.42,5.42,5.414,19
2024-03-25 14:32:00,6332,5.4188,5.4197,5.42,5.42,5.415,29
2024-03-25 14:33:00,10844,5.4052,5.41,5.395,5.415,5.395,77
2024-03-25 14:34:00,1120,5.3982,5.395,5.4,5.4,5.395,19
2024-03-25 14:35:00,480,5.3922,5.395,5.3906,5.395,5.3906,4
2024-03-25 14:37:00,686,5.3973,5.4,5.395,5.4,5.395,10
2024-03-25 14:38:00,150,5.3916,5.39,5.39,5.39,5.39,5
2024-03-25 14:39:00,10251,5.3889,5.39,5.4,5.4,5.38,90
2024-03-25 14:40:00,1781,5.3967,5.395,5.39,5.4,5.39,28
2024-03-25 14:41:00,225,5.39,5.39,5.39,5.39,5.39,6
2024-03-25 14:42:00,407,5.3917,5.39,5.39,5.39,5.39,13
2024-03-25 14:43:00,2752,5.3952,5.39,5.395,5.4,5.39,31
2024-03-25 14:44:00,1553,5.3943,5.395,5.395,5.395,5.395,23
2024-03-25 14:45:00,1642,5.3968,5.4,5.3905,5.4,5.3905,28
2024-03-25 14:46:00,2464,5.395,5.395,5.395,5.395,5.395,33
2024-03-25 14:47:00,4822,5.3948,5.395,5.4,5.4,5.39,42
2024-03-25 14:48:00,410,5.3927,5.3905,5.3905,5.3905,5.3905,7
2024-03-25 14:49:00,18341,5.4059,5.395,5.4125,5.415,5.395,143
2024-03-25 14:50:00,10432,5.4225,5.415,5.435,5.44,5.41,105
2024-03-25 14:51:00,244,5.4308,5.4305,5.4305,5.4305,5.4305,7
2024-03-25 14:52:00,3243,5.4243,5.43,5.42,5.43,5.42,32
2024-03-25 14:53:00,10486,5.4172,5.42,5.415,5.42,5.41,74
2024-03-25 14:54:00,594,5.4156,5.415,5.415,5.415,5.415,10
2024-03-25 14:55:00,1079,5.4145,5.415,5.415,5.415,5.41,16
2024-03-25 14:56:00,481,5.4138,5.415,5.415,5.415,5.41,10
2024-03-25 14:57:00,778,5.414,5.415,5.415,5.415,5.41,13
2024-03-25 14:58:00,5354,5.4139,5.415,5.4105,5.42,5.4105,33
2024-03-25 14:59:00,1578,5.4163,5.415,5.415,5.42,5.415,26
2024-03-25 15:00:00,1166,5.415,5.415,5.415,5.415,5.415,25
2024-03-25 15:01:00,889,5.415,5.415,5.415,5.415,5.415,12
2024-03-25 15:02:00,215074,5.4202,5.415,5.44,5.44,5.41,79
2024-03-25 15:03:00,314109,5.4202,5.435,5.425,5.435,5.415,199
2024-03-25 15:04:00,553,5.421,5.4205,5.4205,5.4205,5.4205,2
2024-03-25 15:05:00,929,5.4254,5.425,5.425,5.425,5.425,17
2024-03-25 15:06:00,2142,5.4249,5.425,5.425,5.425,5.4235,19
2024-03-25 15:07:00,2741,5.4261,5.425,5.425,5.43,5.4241,24
2024-03-25 15:08:00,1832,5.423,5.425,5.425,5.43,5.425,18
2024-03-25 15:09:00,2165,5.4249,5.425,5.425,5.425,5.425,22
2024-03-25 15:10:00,1086,5.4252,5.4211,5.425,5.43,5.4211,16
2024-03-25 15:11:00,11874,5.4356,5.425,5.445,5.45,5.425,87
2024-03-25 15:12:00,1989,5.445,5.445,5.445,5.445,5.445,17
2024-03-25 15:13:00,5646,5.4496,5.445,5.45,5.455,5.445,44
2024-03-25 15:14:00,8451,5.4596,5.45,5.465,5.465,5.45,53
2024-03-25 15:15:00,3342,5.4603,5.465,5.46,5.465,5.46,26
2024-03-25 15:16:00,1126,5.4585,5.46,5.455,5.46,5.455,21
2024-03-25 15:18:00,200,5.4557,5.4563,5.455,5.4563,5.455,2
2024-03-25 15:19:00,118,5.4542,5.455,5.455,5.455,5.455,2
2024-03-25 15:20:00,620,5.455,5.456,5.455,5.456,5.455,9
2024-03-25 15:21:00,2285,5.4505,5.45,5.45,5.455,5.45,26
2024-03-25 15:22:00,243,5.4525,5.45,5.45,5.45,5.45,5
2024-03-25 15:23:00,4109,5.4503,5.45,5.45,5.4515,5.45,32
2024-03-25 15:25:00,118,5.4585,5.46,5.46,5.46,5.46,2
2024-03-25 15:26:00,727,5.4509,5.45,5.45,5.45,5.45,6
2024-03-25 15:27:00,817,5.4513,5.45,5.455,5.455,5.45,12
2024-03-25 15:28:00,780,5.4518,5.455,5.455,5.455,5.455,15
2024-03-25 15:29:00,513,5.4538,5.455,5.45,5.455,5.45,7
2024-03-25 15:30:00,6889,5.4555,5.45,5.455,5.46,5.45,50
2024-03-25 15:31:00,203,5.4525,5.455,5.45,5.455,5.45,4
2024-03-25 15:32:00,1196,5.4533,5.45,5.455,5.455,5.45,10
2024-03-25 15:33:00,869,5.4507,5.4509,5.4509,5.4509,5.4509,6
2024-03-25 15:34:00,2515,5.4549,5.455,5.455,5.455,5.455,18
2024-03-25 15:35:00,2684,5.455,5.455,5.455,5.46,5.45,32
2024-03-25 15:36:00,4369,5.4554,5.45,5.455,5.46,5.45,49
2024-03-25 15:37:00,369,5.4553,5.455,5.455,5.455,5.455,9
2024-03-25 15:38:00,1110,5.4528,5.4501,5.455,5.455,5.4501,8
2024-03-25 15:39:00,872,5.4544,5.45,5.455,5.455,5.45,8
2024-03-25 15:40:00,320,5.4546,5.455,5.455,5.455,5.455,6
2024-03-25 15:41:00,834,5.4543,5.455,5.455,5.455,5.455,10
2024-03-25 15:42:00,1258,5.454,5.45,5.455,5.4552,5.45,13
2024-03-25 15:43:00,134,5.4513,5.45,5.45,5.45,5.45,6
2024-03-25 15:45:00,502,5.4501,5.45,5.45,5.45,5.45,6
2024-03-25 15:46:00,2361,5.4538,5.455,5.45,5.455,5.45,19
2024-03-25 15:47:00,1023,5.4512,5.455,5.45,5.455,5.45,11
2024-03-25 15:48:00,2727,5.4546,5.455,5.455,5.455,5.45,25
2024-03-25 15:49:00,1142,5.4566,5.455,5.455,5.46,5.455,18
2024-03-25 15:50:00,1481,5.4543,5.455,5.45,5.455,5.45,9
2024-03-25 15:51:00,121,5.4541,5.455,5.455,5.455,5.455,3
2024-03-25 15:52:00,3726,5.4536,5.455,5.455,5.455,5.45,28
2024-03-25 15:53:00,43061,5.4655,5.46,5.48,5.48,5.455,183
2024-03-25 15:54:00,4267,5.4706,5.48,5.47,5.48,5.47,7
2024-03-25 15:55:00,1420,5.4742,5.475,5.475,5.475,5.475,15
2024-03-25 15:56:00,300,5.4767,5.475,5.48,5.48,5.475,2
2024-03-25 15:57:00,526,5.4738,5.475,5.475,5.475,5.4701,7
2024-03-25 15:58:00,693,5.4746,5.475,5.475,5.475,5.475,4
2024-03-25 15:59:00,1441,5.4749,5.475,5.475,5.475,5.475,17
2024-03-25 16:01:00,221,5.47,5.47,5.47,5.47,5.47,4
2024-03-25 16:02:00,5873,5.467,5.47,5.46,5.47,5.46,40
2024-03-25 16:03:00,220,5.4605,5.46,5.46,5.46,5.46,4
2024-03-25 16:04:00,7448,5.4616,5.465,5.4602,5.465,5.46,21
2024-03-25 16:05:00,3959,5.4664,5.46,5.465,5.47,5.46,59
2024-03-25 16:06:00,15025,5.4652,5.465,5.46,5.47,5.46,106
2024-03-25 16:07:00,17320,5.4609,5.465,5.465,5.47,5.46,85
2024-03-25 16:08:00,388,5.4609,5.46,5.46,5.46,5.46,11
2024-03-25 16:09:00,1125,5.4606,5.46,5.46,5.46,5.46,14
2024-03-25 16:10:00,1503,5.46,5.46,5.46,5.46,5.46,14
2024-03-25 16:11:00,681,5.46,5.46,5.46,5.46,5.46,9
2024-03-25 16:12:00,1354,5.46,5.46,5.46,5.46,5.46,17
2024-03-25 16:13:00,18811,5.4506,5.46,5.445,5.46,5.445,107
2024-03-25 16:14:00,3002,5.4464,5.445,5.44,5.45,5.44,33
2024-03-25 16:15:00,3751,5.4452,5.44,5.45,5.45,5.44,43
2024-03-25 16:16:00,8286,5.4444,5.445,5.45,5.45,5.44,82
2024-03-25 16:17:00,1685,5.4455,5.445,5.445,5.445,5.445,36
2024-03-25 16:18:00,1141,5.4451,5.445,5.445,5.445,5.445,19
2024-03-25 16:19:00,1045,5.4453,5.445,5.445,5.45,5.445,19
2024-03-25 16:20:00,1435,5.4435,5.445,5.44,5.445,5.44,15
2024-03-25 16:21:00,839,5.4425,5.44,5.44,5.44,5.44,10
2024-03-25 16:22:00,35139,5.4191,5.44,5.395,5.44,5.395,235
2024-03-25 16:23:00,903,5.3929,5.39,5.39,5.395,5.39,14
2024-03-25 16:24:00,636,5.39,5.39,5.39,5.39,5.39,12
2024-03-25 16:25:00,18418,5.402,5.39,5.405,5.42,5.39,151
2024-03-25 16:26:00,135,5.405,5.405,5.405,5.405,5.405,4
2024-03-25 16:27:00,1253,5.3995,5.405,5.395,5.405,5.395,12
2024-03-25 16:28:00,119,5.3945,5.395,5.395,5.395,5.395,5
2024-03-25 16:29:00,102,5.3901,5.39,5.39,5.39,5.39,2
2024-03-25 16:30:00,5541,5.3836,5.39,5.375,5.39,5.375,33
2024-03-25 16:31:00,5225,5.3707,5.37,5.37,5.37,5.37,11
2024-03-25 16:32:00,3544,5.3587,5.36,5.35,5.36,5.35,44
2024-03-25 16:33:00,3416,5.3496,5.35,5.35,5.35,5.345,25
2024-03-25 16:34:00,404,5.3516,5.355,5.35,5.355,5.35,14
2024-03-25 16:35:00,335,5.3503,5.35,5.35,5.35,5.35,7
2024-03-25 16:36:00,1180,5.3501,5.35,5.35,5.3512,5.35,15
2024-03-25 16:37:00,7481,5.3493,5.35,5.35,5.35,5.345,65
2024-03-25 16:38:00,343,5.35,5.35,5.35,5.35,5.35,6
2024-03-25 16:39:00,665,5.3501,5.35,5.35,5.35,5.35,12
2024-03-25 16:40:00,1192,5.3501,5.35,5.35,5.35,5.35,16
2024-03-25 16:41:00,433,5.3518,5.35,5.35,5.355,5.35,8
2024-03-25 16:42:00,17427,5.3456,5.35,5.36,5.36,5.3406,98
2024-03-25 16:43:00,1186,5.3525,5.35,5.3531,5.3531,5.35,7
2024-03-25 16:44:00,241,5.3505,5.3501,5.3501,5.3501,5.3501,10
2024-03-25 16:47:00,586,5.3504,5.35,5.35,5.35,5.35,13
2024-03-25 16:48:00,426,5.3503,5.3501,5.3501,5.3501,5.3501,8
2024-03-25 16:49:00,102,5.3501,5.35,5.35,5.35,5.35,2
2024-03-25 16:50:00,313,5.35,5.35,5.35,5.35,5.35,5
2024-03-25 16:51:00,804,5.3496,5.35,5.35,5.35,5.35,9
2024-03-25 16:52:00,10031,5.3469,5.35,5.345,5.355,5.34,79
2024-03-25 16:53:00,13984,5.3301,5.34,5.305,5.35,5.3,115
2024-03-25 16:54:00,704,5.3002,5.3,5.3006,5.3006,5.3,11
2024-03-25 16:55:00,396,5.3001,5.3,5.3,5.3,5.3,7
2024-03-25 16:56:00,9852,5.3004,5.3,5.29,5.31,5.29,85
2024-03-25 16:57:00,665,5.2959,5.29,5.29,5.2989,5.29,7
2024-03-25 16:58:00,48717,5.3042,5.295,5.324,5.324,5.29,303
2024-03-25 16:59:00,1163,5.3245,5.3206,5.33,5.33,5.32,17
2024-03-25 17:00:00,3585,5.3266,5.33,5.325,5.33,5.32,29
2024-03-25 17:01:00,19347,5.3286,5.33,5.34,5.34,5.325,46
2024-03-25 17:02:00,3178,5.3353,5.335,5.34,5.34,5.33,30
2024-03-25 17:03:00,1761,5.3311,5.335,5.335,5.34,5.3301,13
2024-03-25 17:04:00,505,5.336,5.335,5.34,5.34,5.335,6
2024-03-25 17:05:00,834,5.3352,5.335,5.335,5.335,5.335,12
2024-03-25 17:06:00,3031,5.3367,5.335,5.34,5.34,5.335,25
2024-03-25 17:07:00,1985,5.335,5.335,5.335,5.335,5.335,18
2024-03-25 17:08:00,4669,5.3395,5.335,5.345,5.345,5.335,43
2024-03-25 17:09:00,1479,5.3416,5.34,5.345,5.345,5.34,14
2024-03-25 17:10:00,5613,5.349,5.345,5.35,5.35,5.345,52
2024-03-25 17:11:00,424,5.3545,5.355,5.355,5.355,5.355,6
2024-03-25 17:12:00,581,5.3566,5.355,5.355,5.36,5.355,6
2024-03-25 17:13:00,856,5.3578,5.36,5.355,5.36,5.355,10
2024-03-25 17:14:00,709,5.3555,5.355,5.355,5.355,5.355,10
2024-03-25 17:15:00,1250,5.3543,5.355,5.355,5.355,5.355,16
2024-03-25 17:16:00,269,5.355,5.355,5.355,5.355,5.355,7
2024-03-25 17:17:00,443,5.3532,5.355,5.355,5.355,5.35,9
2024-03-25 17:18:00,3197,5.3485,5.35,5.345,5.35,5.34,25
2024-03-25 17:19:00,731,5.3459,5.345,5.345,5.345,5.345,14
2024-03-25 17:20:00,1628,5.345,5.345,5.345,5.345,5.345,16
2024-03-25 17:21:00,2716,5.345,5.345,5.345,5.345,5.345,21
2024-03-25 17:22:00,1312,5.3477,5.35,5.345,5.35,5.345,53
2024-03-25 17:23:00,6852,5.348,5.345,5.345,5.35,5.345,85
2024-03-25 17:24:00,6482,5.352,5.35,5.355,5.355,5.345,34
2024-03-25 17:25:00,202,5.352,5.355,5.355,5.355,5.355,4
2024-03-25 17:26:00,8108,5.361,5.355,5.375,5.375,5.355,79
2024-03-25 17:27:00,1070,5.3757,5.375,5.37,5.38,5.37,14
2024-03-25 17:28:00,679,5.3725,5.375,5.375,5.375,5.375,8
2024-03-25 17:29:00,4284,5.3691,5.37,5.365,5.37,5.365,28
2024-03-25 17:30:00,1564,5.3677,5.37,5.365,5.37,5.365,17
2024-03-25 17:31:00,2536,5.3676,5.37,5.37,5.37,5.36,25
2024-03-25 17:32:00,2876,5.3666,5.365,5.37,5.37,5.36,30
2024-03-25 17:33:00,5364,5.3595,5.365,5.36,5.365,5.35,25
2024-03-25 17:34:00,5908,5.3598,5.36,5.365,5.365,5.355,54
2024-03-25 17:35:00,2443,5.3688,5.365,5.37,5.37,5.365,25
2024-03-25 17:36:00,561,5.3666,5.365,5.365,5.37,5.365,5
2024-03-25 17:37:00,1636,5.3694,5.37,5.365,5.37,5.365,11
2024-03-25 17:38:00,840,5.3661,5.365,5.365,5.37,5.365,11
2024-03-25 17:39:00,1175,5.366,5.37,5.365,5.37,5.36,10
2024-03-25 17:40:00,930,5.3664,5.365,5.365,5.37,5.365,18
2024-03-25 17:41:00,3900,5.3599,5.36,5.36,5.365,5.36,33
2024-03-25 17:42:00,813,5.3529,5.35,5.35,5.355,5.35,13
2024-03-25 17:43:00,1379,5.3537,5.355,5.35,5.36,5.35,19
2024-03-25 17:44:00,419,5.3512,5.35,5.35,5.355,5.35,7
2024-03-25 17:45:00,693,5.3501,5.3501,5.3501,5.3501,5.3501,6
2024-03-25 17:46:00,8374,5.339,5.35,5.32,5.35,5.32,124
2024-03-25 17:47:00,942,5.3146,5.32,5.31,5.32,5.31,18
2024-03-25 17:48:00,619,5.3141,5.31,5.31,5.315,5.31,8
2024-03-25 17:49:00,4308,5.3145,5.315,5.314,5.32,5.31,50
2024-03-25 17:50:00,1124,5.3145,5.315,5.31,5.315,5.31,16
2024-03-25 17:51:00,16211,5.3261,5.32,5.34,5.34,5.32,109
2024-03-25 17:52:00,324,5.3384,5.34,5.34,5.34,5.34,5
2024-03-25 17:53:00,326,5.3342,5.335,5.335,5.335,5.335,7
2024-03-25 17:54:00,1083,5.335,5.335,5.335,5.335,5.335,14
2024-03-25 17:55:00,300,5.335,5.335,5.335,5.335,5.335,1
2024-03-25 17:56:00,676,5.3346,5.335,5.335,5.335,5.335,5
2024-03-25 17:57:00,6563,5.3277,5.33,5.32,5.33,5.32,21
2024-03-25 17:58:00,361,5.32,5.32,5.32,5.32,5.32,6
2024-03-25 17:59:00,759,5.3239,5.32,5.325,5.325,5.32,6
2024-03-25 18:00:00,112,5.3204,5.32,5.32,5.32,5.32,3
2024-03-25 18:01:00,291,5.3207,5.32,5.32,5.32,5.32,8
2024-03-25 18:02:00,933,5.3229,5.32,5.325,5.325,5.32,10
2024-03-25 18:03:00,100,5.32,5.32,5.32,5.32,5.32,1
2024-03-25 18:04:00,258,5.3228,5.32,5.32,5.32,5.32,10
2024-03-25 18:05:00,236,5.321,5.32,5.32,5.32,5.32,10
2024-03-25 18:06:00,17342,5.329,5.325,5.335,5.34,5.325,125
2024-03-25 18:07:00,14133,5.3392,5.3308,5.34,5.35,5.3308,85
2024-03-25 18:08:00,618,5.3449,5.345,5.345,5.345,5.345,6
2024-03-25 18:09:00,238,5.345,5.345,5.345,5.345,5.345,7
2024-03-25 18:10:00,11613,5.3402,5.345,5.34,5.345,5.335,53
2024-03-25 18:11:00,650,5.3362,5.335,5.335,5.34,5.335,9
2024-03-25 18:12:00,690,5.3317,5.33,5.33,5.335,5.33,13
2024-03-25 18:13:00,7286,5.3222,5.335,5.31,5.335,5.31,55
2024-03-25 18:14:00,1641,5.3143,5.315,5.31,5.32,5.31,15
2024-03-25 18:15:00,675,5.3127,5.31,5.31,5.315,5.31,11
2024-03-25 18:16:00,414,5.3126,5.31,5.31,5.32,5.31,7
2024-03-25 18:17:00,458,5.3198,5.31,5.31,5.31,5.31,8
2024-03-25 18:18:00,504,5.314,5.31,5.315,5.32,5.31,12
2024-03-25 18:19:00,1296,5.3163,5.315,5.315,5.32,5.315,16
2024-03-25 18:20:00,642,5.3144,5.315,5.31,5.32,5.31,10
2024-03-25 18:21:00,1952,5.3153,5.315,5.315,5.32,5.31,25
2024-03-25 18:22:00,14835,5.3208,5.31,5.32,5.33,5.31,95
2024-03-25 18:23:00,1106,5.32,5.32,5.32,5.32,5.32,10
2024-03-25 18:25:00,490,5.3167,5.32,5.315,5.32,5.315,9
2024-03-25 18:26:00,124,5.319,5.32,5.32,5.32,5.32,5
2024-03-25 18:27:00,595,5.3194,5.32,5.32,5.32,5.32,7
2024-03-25 18:28:00,216,5.3193,5.32,5.32,5.32,5.32,5
2024-03-25 18:29:00,1633,5.3151,5.315,5.31,5.32,5.31,21
2024-03-25 18:30:00,2587,5.3138,5.3112,5.315,5.315,5.3112,25
2024-03-25 18:31:00,4822,5.3145,5.315,5.31,5.32,5.31,18
2024-03-25 18:32:00,10184,5.3088,5.31,5.305,5.31,5.305,47
2024-03-25 18:33:00,1694,5.3048,5.3,5.305,5.31,5.3,23
2024-03-25 18:34:00,5670,5.3021,5.3,5.3,5.31,5.3,43
2024-03-25 18:35:00,37222,5.3058,5.3,5.315,5.315,5.2901,141
2024-03-25 18:36:00,135,5.3108,5.31,5.31,5.31,5.31,7
2024-03-25 18:37:00,213,5.3096,5.311,5.311,5.311,5.311,5
2024-03-25 18:38:00,1163,5.3108,5.31,5.31,5.315,5.31,11
2024-03-25 18:39:00,330,5.3144,5.315,5.315,5.315,5.315,8
2024-03-25 18:40:00,386,5.3133,5.315,5.31,5.315,5.31,9
2024-03-25 18:41:00,416,5.3111,5.31,5.31,5.31,5.31,7
2024-03-25 18:42:00,5038,5.3086,5.31,5.3,5.31,5.3,33
2024-03-25 18:43:00,1515,5.3002,5.3,5.3,5.3047,5.295,27
2024-03-25 18:44:00,1050,5.2911,5.29,5.29,5.295,5.29,15
2024-03-25 18:45:00,2059,5.2895,5.29,5.29,5.29,5.285,16
2024-03-25 18:46:00,1430,5.2874,5.28,5.285,5.29,5.28,16
2024-03-25 18:47:00,804,5.28,5.28,5.28,5.28,5.28,11
2024-03-25 18:48:00,306,5.28,5.28,5.28,5.28,5.28,8
2024-03-25 18:49:00,2912,5.2853,5.28,5.29,5.29,5.28,18
2024-03-25 18:50:00,911,5.285,5.285,5.285,5.285,5.285,10
2024-03-25 18:51:00,17352,5.2931,5.285,5.3,5.3,5.285,103
2024-03-25 18:52:00,516,5.304,5.31,5.3,5.31,5.3,12
2024-03-25 18:54:00,2374,5.2993,5.3,5.295,5.3,5.295,22
2024-03-25 18:55:00,1174,5.2946,5.29,5.295,5.3,5.29,11
2024-03-25 18:56:00,493,5.2939,5.295,5.295,5.295,5.295,9
2024-03-25 18:57:00,10747,5.2997,5.295,5.305,5.305,5.295,66
2024-03-25 18:59:00,220,5.3044,5.305,5.305,5.305,5.305,8
2024-03-25 19:00:00,4915,5.3003,5.305,5.3,5.305,5.3,24
2024-03-25 19:01:00,174,5.305,5.305,5.305,5.305,5.305,5
2024-03-25 19:02:00,361,5.3003,5.3,5.3,5.3,5.3,8
2024-03-25 19:03:00,1229,5.3022,5.305,5.3,5.305,5.3,11
2024-03-25 19:04:00,586,5.3006,5.3,5.301,5.301,5.3,10
2024-03-25 19:05:00,1287,5.3026,5.3,5.3,5.305,5.3,15
2024-03-25 19:06:00,228,5.3002,5.3,5.3,5.3,5.3,5
2024-03-25 19:07:00,963,5.3022,5.3,5.3,5.305,5.3,14
2024-03-25 19:08:00,18398,5.3091,5.305,5.315,5.315,5.305,111
2024-03-25 19:09:00,5955,5.3087,5.31,5.305,5.315,5.3,47
2024-03-25 19:10:00,743,5.3061,5.31,5.305,5.31,5.305,11
2024-03-25 19:11:00,1408,5.305,5.305,5.305,5.305,5.305,8
2024-03-25 19:12:00,1844,5.3045,5.305,5.305,5.305,5.3,16
2024-03-25 19:13:00,899,5.3054,5.305,5.305,5.305,5.305,14
2024-03-25 19:14:00,850,5.3051,5.305,5.305,5.305,5.305,11
2024-03-25 19:15:00,2652,5.3052,5.305,5.305,5.31,5.305,31
2024-03-25 19:16:00,2253,5.3052,5.305,5.3,5.31,5.3,28
2024-03-25 19:17:00,11201,5.2932,5.3,5.28,5.305,5.28,67
2024-03-25 19:18:00,12660,5.2803,5.285,5.28,5.285,5.28,49
2024-03-25 19:19:00,3444,5.2849,5.28,5.285,5.285,5.28,22
2024-03-25 19:20:00,2382,5.2849,5.285,5.285,5.285,5.285,19
2024-03-25 19:21:00,2987,5.287,5.285,5.285,5.29,5.285,26
2024-03-25 19:22:00,2340,5.2845,5.285,5.285,5.285,5.28,31
2024-03-25 19:23:00,3947,5.2834,5.29,5.28,5.29,5.28,36
2024-03-25 19:24:00,2323,5.2837,5.28,5.285,5.29,5.28,18
2024-03-25 19:25:00,2334,5.2843,5.28,5.29,5.29,5.28,32
2024-03-25 19:26:00,1071,5.2802,5.28,5.28,5.28,5.28,18
2024-03-25 19:27:00,9493,5.2799,5.28,5.27,5.285,5.27,55
2024-03-25 19:28:00,1894,5.272,5.27,5.275,5.28,5.27,26
2024-03-25 19:29:00,17667,5.2707,5.275,5.27,5.28,5.27,58
2024-03-25 19:30:00,32403,5.2799,5.27,5.285,5.29,5.27,157
2024-03-25 19:31:00,10732,5.2899,5.29,5.29,5.29,5.285,88
2024-03-25 19:32:00,2250,5.2927,5.295,5.29,5.295,5.29,10
2024-03-25 19:33:00,857,5.2922,5.295,5.29,5.295,5.29,13
2024-03-25 19:34:00,6770,5.2905,5.29,5.29,5.295,5.29,24
2024-03-25 19:35:00,5325,5.2872,5.295,5.285,5.295,5.2825,42
2024-03-25 19:36:00,2984,5.289,5.285,5.29,5.29,5.285,28
2024-03-25 19:37:00,4224,5.288,5.29,5.29,5.29,5.285,33
2024-03-25 19:38:00,17265,5.2966,5.285,5.3,5.305,5.285,98
2024-03-25 19:39:00,3674,5.3051,5.305,5.31,5.31,5.3,31
2024-03-25 19:40:00,13694,5.3123,5.31,5.33,5.33,5.3001,83
2024-03-25 19:41:00,1143,5.3247,5.33,5.33,5.33,5.33,18
2024-03-25 19:42:00,1871,5.3265,5.33,5.33,5.33,5.325,36
2024-03-25 19:43:00,905,5.3284,5.325,5.33,5.33,5.325,19
2024-03-25 19:44:00,2779,5.3279,5.33,5.33,5.33,5.325,32
2024-03-25 19:45:00,26104,5.3316,5.33,5.34,5.34,5.33,119
2024-03-25 19:46:00,11989,5.3394,5.34,5.34,5.34,5.335,59
2024-03-25 19:47:00,10281,5.3359,5.34,5.34,5.34,5.335,58
2024-03-25 19:48:00,14600,5.3403,5.335,5.345,5.35,5.335,79
2024-03-25 19:49:00,14614,5.3499,5.35,5.35,5.35,5.345,67
2024-03-25 19:50:00,23185,5.3545,5.35,5.36,5.36,5.35,72
2024-03-25 19:51:00,28774,5.359,5.35,5.365,5.37,5.35,119
2024-03-25 19:52:00,13427,5.3565,5.365,5.355,5.365,5.35,60
2024-03-25 19:53:00,29383,5.3488,5.355,5.345,5.355,5.34,155
2024-03-25 19:54:00,44313,5.3465,5.345,5.335,5.36,5.33,242
2024-03-25 19:55:00,10691,5.3345,5.335,5.33,5.34,5.33,92
2024-03-25 19:56:00,24171,5.3319,5.33,5.325,5.335,5.325,89
2024-03-25 19:57:00,11137,5.3231,5.325,5.32,5.33,5.32,77
2024-03-25 19:58:00,92982,5.3276,5.325,5.33,5.33,5.32,344
2024-03-25 19:59:00,30208,5.3358,5.34,5.33,5.34,5.33,239
2024-03-25 20:00:00,9475,5.33,5.33,5.33,5.33,5.33,11
2024-03-25 20:20:00,192,5.33,5.33,5.33,5.33,5.33,1
2024-03-25 21:03:00,1002,5.3019,5.3019,5.3019,5.3019,5.3019,2
2024-03-25 22:45:00,500,5.268,5.27,5.26,5.27,5.26,2
2024-03-26 13:30:00,18594,5.3596,5.36,5.36,5.37,5.34,35
2024-03-26 13:31:00,10596,5.3931,5.37,5.41,5.41,5.37,84
2024-03-26 13:33:00,1898,5.4035,5.4,5.4095,5.4095,5.4,19
2024-03-26 13:34:00,2322,5.4053,5.405,5.41,5.41,5.405,12
2024-03-26 13:35:00,2704,5.4005,5.4,5.405,5.405,5.395,30
2024-03-26 13:36:00,2077,5.4048,5.405,5.405,5.405,5.405,24
2024-03-26 13:37:00,488,5.4061,5.405,5.405,5.405,5.405,26
2024-03-26 13:38:00,6106,5.4044,5.4,5.405,5.405,5.4,28
2024-03-26 13:39:00,11511,5.3815,5.405,5.3747,5.405,5.37,105
2024-03-26 13:40:00,12160,5.3477,5.37,5.34,5.37,5.34,76
2024-03-26 13:41:00,9684,5.3557,5.35,5.37,5.37,5.35,79
2024-03-26 13:42:00,1062,5.3543,5.36,5.36,5.36,5.35,11
2024-03-26 13:43:00,1100,5.3495,5.35,5.345,5.35,5.345,7
2024-03-26 13:45:00,1478,5.3312,5.33,5.33,5.335,5.33,23
2024-03-26 13:46:00,8942,5.3415,5.335,5.35,5.35,5.335,69
2024-03-26 13:47:00,332,5.3502,5.35,5.34,5.35,5.34,5
2024-03-26 13:48:00,1237,5.3481,5.345,5.3495,5.35,5.345,8
2024-03-26 13:49:00,350,5.3471,5.35,5.345,5.35,5.345,3
2024-03-26 13:50:00,9118,5.3212,5.345,5.3,5.345,5.295,71
2024-03-26 13:51:00,2570,5.3006,5.3,5.3,5.305,5.295,24
2024-03-26 13:52:00,1019,5.2959,5.295,5.295,5.3,5.295,15
2024-03-26 13:54:00,12561,5.2894,5.29,5.295,5.295,5.28,128
2024-03-26 13:55:00,2648,5.3017,5.3,5.305,5.31,5.295,36
2024-03-26 13:56:00,954,5.3001,5.3,5.3,5.3,5.3,11
2024-03-26 13:57:00,11072,5.2816,5.29,5.28,5.29,5.275,90
2024-03-26 13:58:00,14652,5.298,5.285,5.29,5.31,5.2825,134
2024-03-26 13:59:00,2805,5.2943,5.295,5.295,5.3,5.29,30
2024-03-26 14:00:00,1520,5.2861,5.29,5.28,5.29,5.28,24
2024-03-26 14:01:00,566,5.2822,5.28,5.285,5.285,5.28,11
2024-03-26 14:02:00,16012,5.279,5.285,5.29,5.29,5.27,142
2024-03-26 14:03:00,5873,5.2935,5.285,5.295,5.3,5.285,61
2024-03-26 14:04:00,12094,5.3004,5.295,5.29,5.31,5.29,82
2024-03-26 14:05:00,11465,5.2787,5.285,5.275,5.285,5.27,96
2024-03-26 14:06:00,2027,5.274,5.27,5.275,5.275,5.27,33
2024-03-26 14:07:00,5809,5.2693,5.27,5.26,5.27,5.26,41
2024-03-26 14:08:00,17697,5.2711,5.265,5.275,5.275,5.26,111
2024-03-26 14:09:00,31496,5.2727,5.27,5.27,5.28,5.265,225
2024-03-26 14:10:00,945,5.2678,5.265,5.27,5.27,5.2611,10
2024-03-26 14:11:00,4744,5.2692,5.26,5.27,5.27,5.26,31
2024-03-26 14:12:00,11029,5.2723,5.27,5.275,5.28,5.265,82
2024-03-26 14:13:00,362,5.2743,5.275,5.275,5.275,5.275,7
2024-03-26 14:14:00,153,5.2701,5.27,5.27,5.27,5.27,8
2024-03-26 14:16:00,610,5.2738,5.275,5.27,5.275,5.27,9
2024-03-26 14:17:00,5442,5.2681,5.27,5.2625,5.27,5.2625,30
2024-03-26 14:18:00,24675,5.268,5.26,5.27,5.27,5.26,185
2024-03-26 14:19:00,6793,5.2698,5.27,5.265,5.27,5.265,29
2024-03-26 14:20:00,286,5.2604,5.26,5.26,5.26,5.26,10
2024-03-26 14:21:00,16949,5.2555,5.26,5.2525,5.26,5.25,60
2024-03-26 14:22:00,3432,5.25,5.25,5.25,5.25,5.25,22
2024-03-26 14:23:00,5662,5.2427,5.24,5.23,5.2401,5.23,25
2024-03-26 14:24:00,425,5.2312,5.23,5.23,5.23,5.23,10
2024-03-26 14:25:00,2373,5.2303,5.23,5.235,5.235,5.23,24
2024-03-26 14:26:00,1944,5.2274,5.23,5.22,5.23,5.22,17
2024-03-26 14:27:00,4694,5.2294,5.23,5.22,5.23,5.22,60
2024-03-26 14:28:00,2361,5.2208,5.22,5.2201,5.2211,5.22,11
2024-03-26 14:29:00,5172,5.2154,5.22,5.21,5.22,5.21,38
2024-03-26 14:30:00,236,5.2126,5.21,5.21,5.21,5.21,9
2024-03-26 14:31:00,15828,5.1952,5.215,5.18,5.2199,5.18,107
2024-03-26 14:32:00,696,5.1811,5.18,5.1825,5.1825,5.18,12
2024-03-26 14:33:00,9784,5.1892,5.185,5.18,5.19,5.18,114
2024-03-26 14:34:00,15209,5.1787,5.185,5.17,5.185,5.17,94
2024-03-26 14:35:00,227,5.1705,5.17,5.17,5.17,5.17,7
2024-03-26 14:36:00,108,5.1746,5.175,5.175,5.175,5.175,2
2024-03-26 14:37:00,112469,5.1698,5.175,5.175,5.175,5.16,99
2024-03-26 14:38:00,15361,5.1715,5.175,5.17,5.175,5.16,76
2024-03-26 14:39:00,520,5.1639,5.16,5.165,5.165,5.16,6
2024-03-26 14:40:00,4443,5.1684,5.165,5.17,5.17,5.16,51
2024-03-26 14:41:00,28708,5.1752,5.17,5.1817,5.19,5.17,240
2024-03-26 14:42:00,13669,5.1707,5.18,5.17,5.185,5.165,115
2024-03-26 14:43:00,964,5.1702,5.1679,5.17,5.17,5.1679,6
2024-03-26 14:44:00,1688,5.1612,5.165,5.16,5.165,5.16,18
2024-03-26 14:45:00,16346,5.1721,5.165,5.175,5.18,5.165,150
2024-03-26 14:46:00,256,5.1747,5.175,5.175,5.175,5.175,4
2024-03-26 14:47:00,400,5.175,5.175,5.175,5.175,5.175,4
2024-03-26 14:48:00,2046,5.1703,5.17,5.17,5.17,5.17,21
2024-03-26 14:49:00,2958,5.1585,5.16,5.155,5.16,5.155,23
2024-03-26 14:50:00,2417,5.1605,5.16,5.165,5.165,5.155,30
2024-03-26 14:51:00,227,5.164,5.165,5.165,5.165,5.165,8
2024-03-26 14:52:00,496,5.1638,5.165,5.16,5.165,5.16,7
2024-03-26 14:53:00,1656,5.1659,5.16,5.165,5.165,5.16,23
2024-03-26 14:54:00,2059,5.1621,5.165,5.16,5.165,5.16,13
2024-03-26 14:55:00,11921,5.1697,5.17,5.17,5.17,5.165,122
2024-03-26 14:56:00,214,5.1632,5.165,5.165,5.165,5.165,5
2024-03-26 14:57:00,823,5.1645,5.165,5.16,5.17,5.16,12
2024-03-26 14:58:00,1903,5.1559,5.16,5.15,5.16,5.15,21
2024-03-26 14:59:00,1529,5.1521,5.15,5.15,5.155,5.15,19
2024-03-26 15:00:00,1076,5.1503,5.15,5.15,5.15,5.15,21
2024-03-26 15:01:00,629,5.1501,5.15,5.15,5.15,5.15,15
2024-03-26 15:02:00,3644,5.1567,5.15,5.155,5.16,5.15,40
2024-03-26 15:03:00,2308,5.1477,5.15,5.145,5.15,5.1413,29
2024-03-26 15:04:00,1555,5.1477,5.145,5.145,5.15,5.14,11
2024-03-26 15:05:00,2198,5.1446,5.14,5.145,5.15,5.14,32
2024-03-26 15:06:00,665,5.1464,5.145,5.15,5.15,5.145,13
2024-03-26 15:07:00,804,5.1444,5.145,5.145,5.145,5.14,13
2024-03-26 15:08:00,415,5.1438,5.145,5.14,5.145,5.14,6
2024-03-26 15:09:00,1251,5.1414,5.14,5.145,5.145,5.14,13
2024-03-26 15:10:00,15634,5.1352,5.145,5.13,5.145,5.125,135
2024-03-26 15:11:00,1801,5.1342,5.135,5.135,5.135,5.13,29
2024-03-26 15:12:00,309,5.1351,5.135,5.135,5.135,5.135,13
2024-03-26 15:13:00,8058,5.1395,5.135,5.145,5.15,5.131,65
2024-03-26 15:14:00,205,5.1414,5.145,5.145,5.145,5.145,3
2024-03-26 15:15:00,2720,5.1407,5.145,5.135,5.145,5.135,45
2024-03-26 15:16:00,435,5.1337,5.135,5.135,5.135,5.13,7
2024-03-26 15:17:00,743,5.1317,5.135,5.1301,5.135,5.1301,5
2024-03-26 15:18:00,1665,5.1325,5.13,5.135,5.135,5.13,19
2024-03-26 15:20:00,907,5.1338,5.135,5.13,5.135,5.13,15
2024-03-26 15:21:00,1039,5.135,5.135,5.135,5.135,5.13,12
2024-03-26 15:22:00,411,5.1393,5.14,5.1395,5.14,5.1395,8
2024-03-26 15:23:00,1042,5.1359,5.14,5.14,5.14,5.13,17
2024-03-26 15:24:00,9148,5.1399,5.135,5.145,5.145,5.135,119
2024-03-26 15:25:00,1322,5.1459,5.1475,5.1475,5.1475,5.1475,10
2024-03-26 15:26:00,584,5.1442,5.145,5.14,5.145,5.14,14
2024-03-26 15:27:00,370,5.1434,5.144,5.145,5.145,5.14,4
2024-03-26 15:28:00,117,5.14,5.14,5.14,5.14,5.14,3
2024-03-26 15:30:00,915,5.1448,5.145,5.145,5.145,5.145,19
2024-03-26 15:31:00,3495,5.144,5.15,5.135,5.15,5.135,30
2024-03-26 15:32:00,158,5.1352,5.135,5.135,5.135,5.135,6
2024-03-26 15:33:00,605,5.1341,5.135,5.13,5.14,5.13,12
2024-03-26 15:34:00,474,5.1349,5.135,5.135,5.135,5.135,5
2024-03-26 15:35:00,627,5.1365,5.13,5.135,5.135,5.13,8
2024-03-26 15:36:00,694,5.1333,5.13,5.135,5.135,5.13,9
2024-03-26 15:37:00,1940,5.136,5.135,5.135,5.14,5.13,24
2024-03-26 15:38:00,10283,5.1351,5.135,5.13,5.14,5.13,67
2024-03-26 15:39:00,932,5.1379,5.135,5.135,5.14,5.135,11
2024-03-26 15:40:00,1153,5.1367,5.14,5.13,5.14,5.13,15
2024-03-26 15:42:00,962,5.1314,5.135,5.13,5.135,5.13,11
2024-03-26 15:44:00,100,5.13,5.13,5.13,5.13,5.13,1
2024-03-26 15:45:00,39332,5.1076,5.13,5.095,5.13,5.09,144
2024-03-26 15:46:00,23042,5.1066,5.095,5.125,5.13,5.09,163
2024-03-26 15:47:00,5664,5.1201,5.1209,5.115,5.1209,5.115,36
2024-03-26 15:48:00,7049,5.1251,5.12,5.1299,5.135,5.12,62
2024-03-26 15:49:00,3369,5.1264,5.125,5.125,5.13,5.12,37
2024-03-26 15:50:00,5902,5.1274,5.125,5.1297,5.1297,5.12,35
2024-03-26 15:51:00,625,5.1284,5.1294,5.125,5.1294,5.125,12
2024-03-26 15:52:00,430,5.1216,5.12,5.12,5.1234,5.12,6
2024-03-26 15:53:00,2743,5.1152,5.12,5.11,5.12,5.11,31
2024-03-26 15:54:00,436,5.1133,5.11,5.115,5.115,5.11,4
2024-03-26 15:55:00,1588,5.1128,5.1101,5.115,5.115,5.11,21
2024-03-26 15:56:00,1288,5.1148,5.115,5.115,5.115,5.115,29
2024-03-26 15:57:00,4739,5.1197,5.115,5.12,5.12,5.115,59
2024-03-26 15:59:00,163,5.1219,5.12,5.12,5.12,5.12,5
2024-03-26 16:00:00,14680,5.1302,5.125,5.14,5.14,5.12,108
2024-03-26 16:01:00,11857,5.1463,5.14,5.155,5.16,5.135,108
2024-03-26 16:02:00,180,5.156,5.155,5.155,5.155,5.155,9
2024-03-26 16:03:00,1639,5.1569,5.155,5.15,5.16,5.15,20
2024-03-26 16:04:00,1455,5.1585,5.155,5.155,5.16,5.155,18
2024-03-26 16:05:00,7165,5.1527,5.16,5.155,5.16,5.15,72
2024-03-26 16:06:00,2218,5.1556,5.155,5.155,5.16,5.155,32
2024-03-26 16:07:00,1755,5.1599,5.16,5.16,5.16,5.16,24
2024-03-26 16:08:00,1883,5.1564,5.155,5.155,5.16,5.15,32
2024-03-26 16:09:00,13648,5.1589,5.155,5.15,5.16,5.15,40
2024-03-26 16:10:00,5835,5.1598,5.155,5.165,5.165,5.155,80
2024-03-26 16:11:00,3543,5.1684,5.165,5.17,5.17,5.165,34
2024-03-26 16:12:00,2009,5.1668,5.16,5.165,5.17,5.16,24
2024-03-26 16:13:00,7100,5.169,5.165,5.165,5.17,5.165,74
2024-03-26 16:14:00,548,5.1644,5.165,5.16,5.165,5.16,11
2024-03-26 16:15:00,4079,5.1675,5.165,5.17,5.17,5.165,34
2024-03-26 16:16:00,2639,5.1666,5.165,5.1662,5.17,5.1601,32
2024-03-26 16:17:00,3631,5.1675,5.16,5.165,5.17,5.16,40
2024-03-26 16:18:00,1675,5.167,5.165,5.165,5.17,5.165,27
2024-03-26 16:19:00,3245,5.1671,5.17,5.16,5.17,5.16,37
2024-03-26 16:20:00,1324,5.1641,5.165,5.16,5.165,5.16,15
2024-03-26 16:21:00,9535,5.1605,5.165,5.15,5.17,5.15,80
2024-03-26 16:22:00,1881,5.1589,5.155,5.16,5.16,5.155,24
2024-03-26 16:23:00,2927,5.1577,5.155,5.16,5.16,5.155,36
2024-03-26 16:24:00,202,5.155,5.155,5.155,5.155,5.155,13
2024-03-26 16:25:00,606,5.1542,5.15,5.155,5.155,5.15,11
2024-03-26 16:26:00,2796,5.1523,5.155,5.15,5.155,5.15,25
2024-03-26 16:27:00,1938,5.1526,5.15,5.15,5.1599,5.15,13
2024-03-26 16:28:00,2296,5.1543,5.155,5.155,5.155,5.15,29
2024-03-26 16:29:00,982,5.1554,5.15,5.155,5.1573,5.15,7
2024-03-26 16:30:00,1276,5.1511,5.155,5.15,5.155,5.15,12
2024-03-26 16:31:00,1996,5.1521,5.1585,5.15,5.1585,5.15,11
2024-03-26 16:32:00,2355,5.15,5.15,5.15,5.1505,5.15,19
2024-03-26 16:33:00,2991,5.1518,5.15,5.15,5.155,5.15,31
2024-03-26 16:34:00,1529,5.1502,5.15,5.15,5.15,5.15,7
2024-03-26 16:35:00,1410,5.15,5.15,5.15,5.15,5.15,8
2024-03-26 16:36:00,1000,5.1502,5.15,5.15,5.15,5.15,7
2024-03-26 16:37:00,900,5.15,5.15,5.15,5.15,5.15,8
2024-03-26 16:38:00,1237,5.1502,5.15,5.15,5.15,5.15,10
2024-03-26 16:39:00,1000,5.15,5.15,5.15,5.15,5.15,9
2024-03-26 16:40:00,29031,5.15,5.15,5.15,5.155,5.145,196
2024-03-26 16:41:00,2843,5.1523,5.15,5.15,5.155,5.15,17
2024-03-26 16:42:00,809,5.15,5.15,5.15,5.15,5.15,7
2024-03-26 16:43:00,4391,5.1511,5.15,5.155,5.155,5.15,31
2024-03-26 16:44:00,486,5.1529,5.155,5.155,5.155,5.15,9
2024-03-26 16:45:00,1655,5.1511,5.15,5.15,5.155,5.15,19
2024-03-26 16:46:00,6310,5.1579,5.15,5.15,5.1599,5.15,11
2024-03-26 16:47:00,2897,5.15,5.15,5.15,5.15,5.15,22
2024-03-26 16:48:00,912,5.1501,5.15,5.15,5.15,5.15,14
2024-03-26 16:49:00,600,5.15,5.15,5.15,5.15,5.15,7
2024-03-26 16:50:00,1354,5.1504,5.15,5.15,5.155,5.15,16
2024-03-26 16:51:00,1111,5.15,5.15,5.15,5.15,5.15,13
2024-03-26 16:52:00,902,5.15,5.15,5.15,5.15,5.15,12
2024-03-26 16:53:00,2098,5.1502,5.15,5.15,5.15,5.15,23
2024-03-26 16:54:00,7566,5.1459,5.15,5.145,5.15,5.14,54
2024-03-26 16:55:00,1164,5.145,5.145,5.145,5.145,5.145,19
2024-03-26 16:56:00,849,5.145,5.145,5.145,5.145,5.145,21
2024-03-26 16:57:00,490,5.145,5.145,5.145,5.145,5.145,12
2024-03-26 16:58:00,2017,5.1449,5.145,5.145,5.145,5.145,22
2024-03-26 16:59:00,6424,5.1479,5.145,5.145,5.15,5.14,68
2024-03-26 17:00:00,17307,5.1456,5.145,5.145,5.15,5.14,118
2024-03-26 17:01:00,9025,5.1501,5.15,5.145,5.16,5.145,88
2024-03-26 17:02:00,3553,5.1464,5.15,5.145,5.15,5.14,43
2024-03-26 17:03:00,5664,5.1461,5.145,5.15,5.15,5.145,26
2024-03-26 17:04:00,4484,5.1503,5.15,5.1501,5.155,5.15,77
2024-03-26 17:05:00,461,5.1509,5.15,5.15,5.15,5.15,13
2024-03-26 17:07:00,267,5.1549,5.155,5.155,5.155,5.155,3
2024-03-26 17:09:00,542,5.1502,5.15,5.15,5.15,5.15,7
2024-03-26 17:10:00,259,5.1503,5.15,5.15,5.15,5.15,8
2024-03-26 17:11:00,1379,5.155,5.155,5.155,5.155,5.155,22
2024-03-26 17:12:00,373,5.155,5.155,5.155,5.155,5.155,21
2024-03-26 17:13:00,390,5.1541,5.155,5.155,5.155,5.155,12
2024-03-26 17:14:00,600,5.154,5.155,5.155,5.155,5.15,13
2024-03-26 17:15:00,426,5.155,5.155,5.155,5.155,5.155,18
2024-03-26 17:16:00,586,5.1529,5.155,5.15,5.155,5.15,17
2024-03-26 17:17:00,240,5.1505,5.15,5.15,5.15,5.15,4
2024-03-26 17:18:00,874,5.1517,5.15,5.155,5.155,5.15,22
2024-03-26 17:19:00,328,5.1504,5.15,5.15,5.15,5.15,5
2024-03-26 17:20:00,5570,5.1491,5.15,5.145,5.15,5.145,55
2024-03-26 17:21:00,2995,5.1492,5.145,5.145,5.15,5.145,40
2024-03-26 17:22:00,5673,5.1524,5.15,5.155,5.155,5.15,38
2024-03-26 17:23:00,1548,5.1549,5.155,5.159,5.159,5.15,15
2024-03-26 17:24:00,1330,5.1541,5.156,5.155,5.156,5.155,18
2024-03-26 17:25:00,966,5.1504,5.15,5.15,5.15,5.15,14
2024-03-26 17:26:00,1226,5.1549,5.155,5.16,5.16,5.15,14
2024-03-26 17:27:00,820,5.15,5.15,5.15,5.15,5.15,12
2024-03-26 17:28:00,11482,5.1454,5.15,5.145,5.15,5.145,29
2024-03-26 17:29:00,3097,5.1495,5.145,5.15,5.15,5.145,36
2024-03-26 17:30:00,1116,5.1491,5.15,5.15,5.15,5.15,23
2024-03-26 17:31:00,6300,5.1505,5.145,5.16,5.16,5.145,65
2024-03-26 17:32:00,205,5.15,5.15,5.15,5.15,5.15,3
2024-03-26 17:33:00,459,5.1514,5.15,5.155,5.155,5.15,7
2024-03-26 17:34:00,516,5.1511,5.15,5.15,5.155,5.15,7
2024-03-26 17:35:00,1981,5.1499,5.15,5.15,5.15,5.15,25
2024-03-26 17:36:00,748,5.15,5.15,5.15,5.15,5.15,7
2024-03-26 17:37:00,724,5.1501,5.15,5.15,5.15,5.15,9
2024-03-26 17:38:00,590,5.15,5.15,5.15,5.15,5.15,7
2024-03-26 17:39:00,2308,5.1478,5.15,5.15,5.15,5.145,32
2024-03-26 17:40:00,855,5.1416,5.14,5.145,5.145,5.14,16
2024-03-26 17:42:00,370,5.145,5.145,5.145,5.145,5.145,14
2024-03-26 17:44:00,418,5.1462,5.14,5.15,5.15,5.14,11
2024-03-26 17:45:00,5506,5.1398,5.145,5.13,5.145,5.13,43
2024-03-26 17:46:00,855,5.1246,5.13,5.12,5.13,5.12,12
2024-03-26 17:47:00,1516,5.1214,5.12,5.12,5.12,5.12,14
2024-03-26 17:48:00,392,5.1211,5.12,5.12,5.12,5.12,8
2024-03-26 17:49:00,3760,5.1183,5.12,5.11,5.12,5.11,43
2024-03-26 17:50:00,629,5.1101,5.11,5.11,5.11,5.11,21
2024-03-26 17:51:00,9373,5.1082,5.11,5.105,5.11,5.1,35
2024-03-26 17:52:00,460,5.1058,5.11,5.105,5.11,5.1,8
2024-03-26 17:53:00,13242,5.1087,5.105,5.105,5.11,5.1,38
2024-03-26 17:54:00,1434,5.1015,5.11,5.1,5.11,5.1,16
2024-03-26 17:55:00,446,5.102,5.105,5.1,5.105,5.1,9
2024-03-26 17:56:00,5497,5.1058,5.1,5.105,5.11,5.1,37
2024-03-26 17:57:00,1020,5.1059,5.105,5.105,5.1095,5.105,12
2024-03-26 17:58:00,1007,5.1063,5.105,5.105,5.105,5.105,24
2024-03-26 17:59:00,18376,5.1121,5.105,5.1204,5.125,5.105,146
2024-03-26 18:00:00,466,5.1224,5.125,5.12,5.125,5.12,17
2024-03-26 18:01:00,747,5.1202,5.12,5.12,5.1201,5.12,15
2024-03-26 18:02:00,1167,5.1189,5.125,5.12,5.13,5.12,10
2024-03-26 18:03:00,501,5.1256,5.13,5.124,5.13,5.124,4
2024-03-26 18:04:00,1512,5.1256,5.12,5.125,5.13,5.12,19
2024-03-26 18:05:00,703,5.1254,5.125,5.126,5.126,5.125,6
2024-03-26 18:06:00,202,5.125,5.125,5.125,5.125,5.125,4
2024-03-26 18:07:00,4150,5.1224,5.13,5.12,5.13,5.12,13
2024-03-26 18:08:00,6907,5.1276,5.12,5.135,5.135,5.12,54
2024-03-26 18:09:00,311,5.1363,5.139,5.139,5.139,5.139,16
2024-03-26 18:10:00,444,5.1361,5.135,5.135,5.135,5.135,16
2024-03-26 18:11:00,807,5.135,5.135,5.135,5.135,5.135,15
2024-03-26 18:12:00,851,5.136,5.135,5.1338,5.14,5.1338,24
2024-03-26 18:13:00,1272,5.1303,5.14,5.13,5.14,5.13,18
2024-03-26 18:14:00,755,5.1359,5.14,5.14,5.14,5.13,23
2024-03-26 18:15:00,1134,5.1368,5.135,5.14,5.14,5.135,28
2024-03-26 18:16:00,376,5.1352,5.135,5.135,5.135,5.135,15
2024-03-26 18:17:00,574,5.1357,5.135,5.135,5.139,5.135,21
2024-03-26 18:18:00,939,5.1356,5.135,5.135,5.135,5.135,25
2024-03-26 18:19:00,1892,5.1354,5.135,5.135,5.14,5.13,26
2024-03-26 18:20:00,931,5.1345,5.135,5.1348,5.135,5.1348,25
2024-03-26 18:21:00,1147,5.1345,5.13,5.135,5.135,5.13,24
2024-03-26 18:22:00,33696,5.1326,5.1327,5.13,5.145,5.125,197
2024-03-26 18:23:00,747,5.1439,5.145,5.14,5.145,5.14,7
2024-03-26 18:24:00,1532,5.137,5.1495,5.1495,5.1495,5.1495,9
2024-03-26 18:25:00,1212,5.1417,5.14,5.14,5.14,5.14,11
2024-03-26 18:26:00,56066,5.1441,5.145,5.14,5.15,5.14,16
2024-03-26 18:27:00,15758,5.1415,5.1406,5.1401,5.145,5.1401,16
2024-03-26 18:28:00,5017,5.1366,5.14,5.13,5.14,5.13,38
2024-03-26 18:29:00,1223,5.1322,5.13,5.13,5.13,5.13,8
2024-03-26 18:30:00,98714,5.1349,5.135,5.13,5.135,5.13,26
2024-03-26 18:31:00,123446,5.135,5.135,5.135,5.14,5.13,41
2024-03-26 18:32:00,792,5.1349,5.135,5.135,5.135,5.135,6
2024-03-26 18:33:00,958,5.1339,5.13,5.139,5.139,5.13,13
2024-03-26 18:34:00,2130,5.1335,5.13,5.135,5.14,5.13,31
2024-03-26 18:35:00,3078,5.1347,5.135,5.135,5.135,5.13,37
2024-03-26 18:36:00,2002,5.1348,5.135,5.135,5.135,5.13,33
2024-03-26 18:37:00,14442,5.1413,5.14,5.155,5.155,5.14,107
2024-03-26 18:38:00,526,5.1569,5.155,5.16,5.16,5.155,6
2024-03-26 18:39:00,1189,5.1546,5.155,5.155,5.16,5.155,19
2024-03-26 18:40:00,2800,5.1522,5.155,5.155,5.16,5.15,44
2024-03-26 18:41:00,1367,5.1544,5.155,5.155,5.155,5.155,29
2024-03-26 18:42:00,1919,5.1555,5.155,5.155,5.16,5.155,26
2024-03-26 18:43:00,1208,5.1559,5.155,5.155,5.16,5.155,30
2024-03-26 18:44:00,676,5.1544,5.155,5.15,5.16,5.15,22
2024-03-26 18:45:00,678,5.1551,5.155,5.155,5.155,5.155,10
2024-03-26 18:46:00,846,5.1556,5.155,5.155,5.16,5.155,23
2024-03-26 18:47:00,452,5.155,5.155,5.155,5.155,5.155,8
2024-03-26 18:48:00,1713,5.1549,5.16,5.15,5.16,5.15,32
2024-03-26 18:49:00,852,5.155,5.155,5.155,5.16,5.155,24
2024-03-26 18:50:00,850,5.1537,5.16,5.16,5.16,5.15,18
2024-03-26 18:51:00,1541,5.1535,5.155,5.15,5.16,5.15,23
2024-03-26 18:52:00,2982,5.1553,5.16,5.155,5.16,5.155,32
2024-03-26 18:53:00,591,5.1558,5.16,5.155,5.16,5.155,18
2024-03-26 18:54:00,560,5.1527,5.16,5.15,5.16,5.15,16
2024-03-26 18:55:00,1319,5.1538,5.155,5.155,5.16,5.15,20
2024-03-26 18:56:00,2178,5.1545,5.155,5.15,5.155,5.15,35
2024-03-26 18:57:00,1230,5.1542,5.15,5.155,5.16,5.15,22
2024-03-26 18:58:00,1183,5.1537,5.155,5.155,5.155,5.15,27
2024-03-26 18:59:00,672,5.1528,5.16,5.15,5.16,5.15,11
2024-03-26 19:00:00,12180,5.1479,5.155,5.13,5.16,5.13,102
2024-03-26 19:01:00,9262,5.1301,5.13,5.13,5.135,5.125,86
2024-03-26 19:02:00,934,5.1335,5.13,5.13,5.135,5.13,13
2024-03-26 19:03:00,1719,5.1358,5.13,5.13,5.13,5.13,21
2024-03-26 19:04:00,1125,5.1305,5.13,5.13,5.135,5.13,20
2024-03-26 19:05:00,34752,5.1378,5.13,5.145,5.145,5.13,212
2024-03-26 19:06:00,3271,5.145,5.145,5.145,5.145,5.145,29
2024-03-26 19:07:00,8519,5.1394,5.145,5.13,5.145,5.13,60
2024-03-26 19:08:00,4020,5.1275,5.13,5.125,5.13,5.125,40
2024-03-26 19:09:00,1303,5.1254,5.125,5.12,5.13,5.12,19
2024-03-26 19:10:00,1892,5.1235,5.12,5.125,5.125,5.12,23
2024-03-26 19:11:00,1062,5.1204,5.12,5.12,5.12,5.12,15
2024-03-26 19:12:00,2114,5.1266,5.12,5.12,5.125,5.12,24
2024-03-26 19:13:00,2361,5.1231,5.12,5.1285,5.13,5.12,18
2024-03-26 19:14:00,10593,5.1189,5.13,5.11,5.13,5.11,63
2024-03-26 19:15:00,1217,5.115,5.11,5.115,5.115,5.11,20
2024-03-26 19:16:00,1214,5.1104,5.11,5.11,5.11,5.11,13
2024-03-26 19:17:00,824,5.1132,5.11,5.115,5.115,5.11,13
2024-03-26 19:18:00,1196,5.1114,5.11,5.11,5.115,5.11,15
2024-03-26 19:19:00,17494,5.1028,5.11,5.09,5.1111,5.09,81
2024-03-26 19:20:00,1385,5.0902,5.09,5.09,5.09,5.09,24
2024-03-26 19:21:00,23151,5.0979,5.09,5.095,5.1,5.09,146
2024-03-26 19:22:00,3343,5.095,5.095,5.095,5.095,5.095,21
2024-03-26 19:23:00,4526,5.0944,5.095,5.09,5.1,5.09,34
2024-03-26 19:24:00,45065,5.0994,5.09,5.105,5.11,5.09,172
2024-03-26 19:25:00,13364,5.1099,5.105,5.115,5.115,5.105,85
2024-03-26 19:26:00,33834,5.1106,5.115,5.115,5.12,5.105,137
2024-03-26 19:27:00,465,5.1159,5.115,5.115,5.1188,5.115,7
2024-03-26 19:28:00,885,5.1152,5.115,5.115,5.115,5.115,6
2024-03-26 19:29:00,5830,5.1146,5.115,5.12,5.12,5.11,32
2024-03-26 19:30:00,928,5.115,5.115,5.115,5.115,5.115,19
2024-03-26 19:31:00,2617,5.1152,5.115,5.115,5.12,5.115,34
2024-03-26 19:32:00,3349,5.1151,5.115,5.115,5.115,5.115,32
2024-03-26 19:33:00,7645,5.1144,5.115,5.115,5.12,5.11,67
2024-03-26 19:34:00,2886,5.1157,5.115,5.115,5.12,5.115,31
2024-03-26 19:35:00,4743,5.1165,5.115,5.12,5.12,5.115,51
2024-03-26 19:36:00,3755,5.116,5.115,5.12,5.12,5.11,35
2024-03-26 19:37:00,2404,5.1161,5.12,5.115,5.12,5.115,28
2024-03-26 19:38:00,46231,5.1257,5.115,5.125,5.135,5.115,338
2024-03-26 19:39:00,14252,5.1188,5.125,5.115,5.125,5.115,77
2024-03-26 19:40:00,28649,5.1201,5.115,5.125,5.13,5.115,110
2024-03-26 19:41:00,1052,5.1246,5.125,5.125,5.125,5.1218,13
2024-03-26 19:42:00,2177,5.1249,5.125,5.125,5.125,5.1239,11
2024-03-26 19:43:00,8012,5.1245,5.125,5.125,5.13,5.12,61
2024-03-26 19:44:00,4519,5.1248,5.125,5.125,5.125,5.125,19
2024-03-26 19:45:00,5158,5.125,5.125,5.125,5.125,5.125,43
2024-03-26 19:46:00,3636,5.125,5.125,5.125,5.125,5.125,31
2024-03-26 19:47:00,4841,5.1249,5.125,5.125,5.125,5.1225,50
2024-03-26 19:48:00,7641,5.1252,5.125,5.125,5.13,5.12,55
2024-03-26 19:49:00,6752,5.1249,5.125,5.125,5.125,5.12,44
2024-03-26 19:50:00,8262,5.1236,5.12,5.125,5.125,5.12,92
2024-03-26 19:51:00,28716,5.1191,5.125,5.11,5.125,5.11,129
2024-03-26 19:52:00,14550,5.1099,5.115,5.105,5.115,5.105,110
2024-03-26 19:53:00,11251,5.1037,5.105,5.105,5.105,5.1,69
2024-03-26 19:54:00,118087,5.0929,5.105,5.085,5.11,5.08,337
2024-03-26 19:55:00,49033,5.0813,5.085,5.0741,5.09,5.07,196
2024-03-26 19:56:00,24568,5.0738,5.075,5.07,5.075,5.07,101
2024-03-26 19:57:00,53663,5.0744,5.07,5.075,5.078,5.07,128
2024-03-26 19:58:00,19080,5.0758,5.075,5.075,5.08,5.0725,150
2024-03-26 19:59:00,236276,5.0968,5.075,5.11,5.12,5.075,623
2024-03-26 20:00:00,16727,5.1,5.1,5.1,5.1,5.1,10
2024-03-26 20:02:00,49198,5.1,5.1,5.1,5.1,5.1,2
2024-03-26 20:06:00,960,5.1,5.1,5.1,5.1,5.1,1
2024-03-26 23:33:00,200,5.023,5.02,5.02,5.02,5.02,3
2024-03-27 13:30:00,16222,5.1595,5.16,5.17,5.175,5.13,29
2024-03-27 13:34:00,2903,5.1842,5.2,5.19,5.2,5.16,31
2024-03-27 13:35:00,1613,5.1782,5.195,5.17,5.195,5.17,22
2024-03-27 13:36:00,600,5.1608,5.165,5.16,5.165,5.16,7
2024-03-27 13:37:00,1045,5.1638,5.16,5.17,5.175,5.16,13
2024-03-27 13:38:00,463,5.17,5.17,5.17,5.17,5.17,7
2024-03-27 13:39:00,2006,5.1701,5.17,5.17,5.17,5.17,17
2024-03-27 13:40:00,5163,5.1711,5.18,5.17,5.18,5.17,33
2024-03-27 13:41:00,2477,5.1702,5.174,5.17,5.174,5.17,16
2024-03-27 13:42:00,1162,5.1706,5.165,5.175,5.18,5.165,27
2024-03-27 13:43:00,372,5.1744,5.175,5.1733,5.175,5.1733,7
2024-03-27 13:45:00,18059,5.1702,5.17,5.17,5.175,5.17,68
2024-03-27 13:46:00,21700,5.1566,5.165,5.165,5.165,5.14,130
2024-03-27 13:47:00,12316,5.1892,5.1695,5.2,5.21,5.1695,74
2024-03-27 13:48:00,7423,5.2189,5.21,5.225,5.225,5.21,51
2024-03-27 13:49:00,434,5.2016,5.225,5.225,5.225,5.225,7
2024-03-27 13:50:00,5534,5.2337,5.23,5.23,5.24,5.23,54
2024-03-27 13:51:00,258,5.225,5.225,5.225,5.225,5.225,3
2024-03-27 13:52:00,527,5.2248,5.225,5.225,5.225,5.225,10
2024-03-27 13:54:00,2133,5.2198,5.22,5.22,5.22,5.22,14
2024-03-27 13:55:00,3386,5.2199,5.22,5.22,5.22,5.22,37
2024-03-27 13:56:00,509,5.2185,5.22,5.22,5.22,5.22,9
2024-03-27 13:57:00,3662,5.2199,5.22,5.22,5.22,5.22,30
2024-03-27 13:58:00,981,5.2219,5.22,5.23,5.23,5.22,17
2024-03-27 13:59:00,713,5.222,5.225,5.22,5.225,5.22,9
2024-03-27 14:00:00,681,5.2155,5.215,5.215,5.215,5.215,8
2024-03-27 14:01:00,4649,5.2041,5.21,5.205,5.21,5.2,27
2024-03-27 14:02:00,6104,5.1907,5.2,5.19,5.2,5.18,69
2024-03-27 14:03:00,4401,5.1802,5.18,5.18,5.185,5.18,46
2024-03-27 14:04:00,2414,5.1914,5.19,5.195,5.2,5.19,31
2024-03-27 14:05:00,5839,5.2,5.2,5.2,5.205,5.2,52
2024-03-27 14:06:00,1792,5.1866,5.19,5.185,5.19,5.18,18
2024-03-27 14:07:00,215,5.1823,5.18,5.185,5.185,5.18,3
2024-03-27 14:08:00,2370,5.1845,5.185,5.185,5.19,5.18,16
2024-03-27 14:09:00,10250,5.1805,5.185,5.18,5.185,5.175,79
2024-03-27 14:10:00,22940,5.1753,5.18,5.17,5.185,5.16,161
2024-03-27 14:11:00,2856,5.1774,5.175,5.175,5.175,5.17,28
2024-03-27 14:12:00,712,5.1728,5.17,5.175,5.175,5.17,10
2024-03-27 14:13:00,2282,5.1732,5.17,5.175,5.18,5.17,19
2024-03-27 14:14:00,3651,5.1785,5.18,5.175,5.18,5.17,47
2024-03-27 14:15:00,8889,5.1932,5.18,5.2,5.2,5.18,76
2024-03-27 14:16:00,1068,5.2,5.2,5.2,5.2,5.2,18
2024-03-27 14:17:00,608,5.2016,5.2008,5.205,5.205,5.2008,3
2024-03-27 14:18:00,300,5.2033,5.205,5.2,5.205,5.2,3
2024-03-27 14:19:00,300,5.2067,5.205,5.205,5.21,5.205,3
2024-03-27 14:20:00,201,5.2025,5.2,5.205,5.205,5.2,3
2024-03-27 14:21:00,520,5.1948,5.205,5.205,5.205,5.205,7
2024-03-27 14:22:00,2935,5.2,5.2,5.19,5.205,5.19,26
2024-03-27 14:23:00,3762,5.201,5.2,5.2,5.21,5.2,35
2024-03-27 14:24:00,10152,5.2002,5.2001,5.21,5.21,5.2001,8
2024-03-27 14:25:00,6058,5.2177,5.21,5.22,5.225,5.21,66
2024-03-27 14:26:00,888,5.2198,5.22,5.219,5.22,5.219,11
2024-03-27 14:28:00,102,5.2241,5.224,5.224,5.224,5.224,2
2024-03-27 14:31:00,15387,5.2436,5.23,5.245,5.25,5.23,75
2024-03-27 14:32:00,711,5.2453,5.244,5.245,5.245,5.244,12
2024-03-27 14:33:00,5320,5.2389,5.24,5.24,5.245,5.24,59
2024-03-27 14:34:00,468,5.2393,5.24,5.24,5.24,5.24,10
2024-03-27 14:36:00,510,5.2398,5.24,5.24,5.24,5.24,6
2024-03-27 14:37:00,16788,5.2497,5.235,5.26,5.27,5.235,125
2024-03-27 14:38:00,1224,5.2546,5.26,5.255,5.26,5.25,15
2024-03-27 14:39:00,429,5.256,5.255,5.255,5.26,5.255,5
2024-03-27 14:41:00,401,5.255,5.255,5.255,5.255,5.255,4
2024-03-27 14:42:00,32858,5.2552,5.255,5.27,5.27,5.25,194
2024-03-27 14:43:00,14666,5.2718,5.27,5.28,5.28,5.27,91
2024-03-27 14:44:00,5991,5.2793,5.28,5.28,5.29,5.28,41
2024-03-27 14:45:00,8107,5.2733,5.275,5.27,5.28,5.27,42
2024-03-27 14:46:00,18560,5.2859,5.2799,5.3,5.3,5.27,79
2024-03-27 14:47:00,4884,5.2953,5.3,5.29,5.3,5.29,23
2024-03-27 14:48:00,3635,5.2942,5.29,5.295,5.295,5.29,27
2024-03-27 14:49:00,20578,5.3036,5.29,5.32,5.32,5.29,106
2024-03-27 14:50:00,44652,5.3242,5.32,5.32,5.35,5.31,213
2024-03-27 14:51:00,8337,5.3236,5.315,5.335,5.34,5.315,57
2024-03-27 14:52:00,38962,5.3341,5.335,5.33,5.34,5.315,72
2024-03-27 14:53:00,24729,5.3382,5.33,5.33,5.34,5.33,70
2024-03-27 14:55:00,9995,5.3448,5.3399,5.35,5.35,5.335,71
2024-03-27 14:56:00,319,5.36,5.36,5.36,5.36,5.36,6
2024-03-27 14:57:00,9155,5.3601,5.36,5.37,5.37,5.36,13
2024-03-27 14:58:00,18029,5.3697,5.37,5.38,5.38,5.3625,115
2024-03-27 14:59:00,5876,5.3675,5.38,5.35,5.38,5.35,58
2024-03-27 15:01:00,1215,5.36,5.35,5.36,5.365,5.35,19
2024-03-27 15:02:00,770,5.3596,5.36,5.36,5.36,5.36,6
2024-03-27 15:03:00,8024,5.3648,5.36,5.36,5.3699,5.36,60
2024-03-27 15:04:00,2647,5.3661,5.365,5.365,5.37,5.36,18
2024-03-27 15:05:00,627,5.3629,5.365,5.36,5.365,5.36,7
2024-03-27 15:06:00,5761,5.3687,5.365,5.3711,5.38,5.365,58
2024-03-27 15:08:00,27601,5.3981,5.38,5.41,5.41,5.38,112
2024-03-27 15:09:00,12723,5.3994,5.405,5.4,5.405,5.39,66
2024-03-27 15:10:00,8886,5.4071,5.4,5.42,5.42,5.4,70
2024-03-27 15:11:00,4916,5.4225,5.4199,5.43,5.43,5.4198,44
2024-03-27 15:12:00,673,5.4217,5.4207,5.425,5.425,5.4207,9
2024-03-27 15:13:00,2622,5.4206,5.4201,5.42,5.425,5.42,8
2024-03-27 15:14:00,3362,5.4219,5.421,5.425,5.425,5.42,22
2024-03-27 15:15:00,7121,5.4214,5.42,5.43,5.43,5.42,76
2024-03-27 15:16:00,14555,5.4389,5.43,5.45,5.45,5.43,103
2024-03-27 15:17:00,1711,5.4506,5.45,5.455,5.455,5.45,29
2024-03-27 15:18:00,3502,5.449,5.455,5.44,5.455,5.44,33
2024-03-27 15:19:00,335,5.4412,5.445,5.445,5.445,5.445,8
2024-03-27 15:20:00,20868,5.4485,5.44,5.445,5.46,5.44,145
2024-03-27 15:21:00,237,5.4427,5.44,5.445,5.445,5.44,4
2024-03-27 15:22:00,1733,5.4498,5.45,5.45,5.45,5.45,27
2024-03-27 15:23:00,6944,5.4596,5.455,5.46,5.46,5.455,57
2024-03-27 15:24:00,843,5.4671,5.47,5.465,5.47,5.465,11
2024-03-27 15:25:00,6047,5.4702,5.465,5.465,5.475,5.465,58
2024-03-27 15:26:00,13803,5.4687,5.465,5.48,5.48,5.4608,98
2024-03-27 15:27:00,5176,5.4699,5.475,5.47,5.475,5.465,38
2024-03-27 15:28:00,6567,5.4699,5.47,5.47,5.475,5.465,49
2024-03-27 15:29:00,6024,5.4688,5.47,5.4601,5.475,5.4601,46
2024-03-27 15:30:00,3107,5.4655,5.47,5.465,5.47,5.465,22
2024-03-27 15:31:00,10370,5.4528,5.46,5.445,5.465,5.44,99
2024-03-27 15:32:00,15315,5.442,5.44,5.445,5.445,5.44,69
2024-03-27 15:33:00,5335,5.4398,5.44,5.4401,5.4401,5.44,46
2024-03-27 15:34:00,2848,5.4407,5.44,5.4409,5.441,5.4394,22
2024-03-27 15:35:00,18053,5.448,5.445,5.445,5.455,5.4401,109
2024-03-27 15:36:00,18611,5.4627,5.445,5.47,5.4775,5.445,112
2024-03-27 15:37:00,3483,5.4595,5.47,5.4601,5.47,5.46,19
2024-03-27 15:38:00,14071,5.4633,5.47,5.4608,5.475,5.46,70
2024-03-27 15:39:00,580,5.4666,5.47,5.465,5.47,5.465,8
2024-03-27 15:40:00,5653,5.4674,5.465,5.47,5.47,5.465,26
2024-03-27 15:41:00,2608,5.466,5.465,5.47,5.47,5.4601,26
2024-03-27 15:42:00,1498,5.4669,5.47,5.465,5.47,5.465,39
2024-03-27 15:43:00,1712,5.4657,5.465,5.465,5.469,5.465,18
2024-03-27 15:45:00,1093,5.4691,5.47,5.4675,5.47,5.4675,17
2024-03-27 15:46:00,17731,5.47,5.4694,5.475,5.475,5.465,119
2024-03-27 15:47:00,34375,5.4813,5.475,5.495,5.495,5.47,101
2024-03-27 15:48:00,1038,5.4979,5.495,5.5,5.5,5.495,17
2024-03-27 15:49:00,37465,5.4983,5.5,5.5,5.505,5.4923,173
2024-03-27 15:50:00,24578,5.5065,5.495,5.495,5.515,5.495,193
2024-03-27 15:51:00,930,5.4936,5.495,5.49,5.495,5.49,20
2024-03-27 15:52:00,4804,5.4937,5.495,5.495,5.495,5.4918,33
2024-03-27 15:54:00,301,5.4942,5.5,5.49,5.5,5.49,4
2024-03-27 15:55:00,30546,5.4963,5.495,5.5,5.505,5.48,171
2024-03-27 15:56:00,2298,5.5021,5.5,5.505,5.505,5.5,20
2024-03-27 15:57:00,1422,5.5043,5.51,5.505,5.51,5.5,20
2024-03-27 15:58:00,2504,5.5082,5.505,5.51,5.51,5.5009,15
2024-03-27 15:59:00,5985,5.5148,5.51,5.5164,5.52,5.51,38
2024-03-27 16:00:00,6380,5.5208,5.52,5.53,5.53,5.52,38
2024-03-27 16:01:00,24203,5.5214,5.525,5.52,5.53,5.515,110
2024-03-27 16:02:00,11945,5.5023,5.5108,5.499,5.515,5.49,88
2024-03-27 16:03:00,1041,5.4965,5.495,5.5,5.5,5.49,16
2024-03-27 16:04:00,19691,5.5029,5.4991,5.51,5.52,5.495,81
2024-03-27 16:06:00,6878,5.5147,5.505,5.515,5.52,5.505,60
2024-03-27 16:07:00,12726,5.51,5.515,5.51,5.52,5.5,111
2024-03-27 16:08:00,351,5.5135,5.515,5.51,5.515,5.51,9
2024-03-27 16:09:00,1131,5.5152,5.515,5.515,5.52,5.515,15
2024-03-27 16:10:00,732,5.5117,5.515,5.5101,5.515,5.5101,6
2024-03-27 16:11:00,915,5.5134,5.51,5.515,5.515,5.51,15
2024-03-27 16:12:00,28020,5.5192,5.515,5.52,5.52,5.51,63
2024-03-27 16:13:00,16876,5.5342,5.5178,5.54,5.55,5.515,138
2024-03-27 16:14:00,301,5.5366,5.54,5.54,5.54,5.54,4
2024-03-27 16:15:00,11764,5.5438,5.54,5.56,5.56,5.5398,42
2024-03-27 16:16:00,21835,5.5693,5.569,5.5699,5.575,5.56,137
2024-03-27 16:17:00,8172,5.5636,5.57,5.565,5.57,5.56,36
2024-03-27 16:18:00,107,5.5697,5.57,5.57,5.57,5.57,3
2024-03-27 16:19:00,18769,5.5759,5.56,5.59,5.59,5.56,92
2024-03-27 16:20:00,6504,5.5878,5.585,5.589,5.59,5.5808,14
2024-03-27 16:21:00,523,5.5874,5.59,5.59,5.59,5.59,12
2024-03-27 16:22:00,20381,5.5995,5.59,5.6,5.61,5.59,98
2024-03-27 16:23:00,29746,5.5991,5.605,5.6,5.61,5.59,130
2024-03-27 16:24:00,32642,5.5987,5.5903,5.62,5.62,5.59,125
2024-03-27 16:25:00,30312,5.6181,5.615,5.62,5.63,5.61,169
2024-03-27 16:26:00,11123,5.6062,5.615,5.6,5.62,5.595,86
2024-03-27 16:27:00,4170,5.6071,5.6,5.615,5.615,5.6,36
2024-03-27 16:28:00,17402,5.6196,5.615,5.62,5.625,5.615,83
2024-03-27 16:29:00,1441,5.623,5.62,5.63,5.63,5.62,18
2024-03-27 16:30:00,5417,5.6267,5.63,5.625,5.635,5.62,118
2024-03-27 16:31:00,116,5.6288,5.63,5.63,5.63,5.63,4
2024-03-27 16:32:00,11071,5.6386,5.63,5.65,5.65,5.63,103
2024-03-27 16:33:00,7822,5.6502,5.65,5.65,5.6575,5.6408,68
2024-03-27 16:34:00,5116,5.6464,5.65,5.652,5.655,5.65,36
2024-03-27 16:35:00,35053,5.6811,5.66,5.685,5.7,5.66,184
2024-03-27 16:36:00,906,5.6886,5.69,5.69,5.69,5.6876,8
2024-03-27 16:37:00,8282,5.6975,5.6897,5.71,5.71,5.6852,66
2024-03-27 16:38:00,22626,5.6949,5.71,5.6888,5.71,5.68,113
2024-03-27 16:39:00,50445,5.677,5.6803,5.68,5.69,5.66,134
2024-03-27 16:40:00,1890,5.6805,5.685,5.68,5.685,5.68,21
2024-03-27 16:41:00,3023,5.6766,5.675,5.675,5.68,5.6701,37
2024-03-27 16:42:00,4851,5.6737,5.675,5.679,5.68,5.67,69
2024-03-27 16:43:00,12194,5.6837,5.675,5.7,5.7,5.675,96
2024-03-27 16:44:00,50373,5.7003,5.695,5.7,5.71,5.695,302
2024-03-27 16:45:00,4381,5.699,5.7025,5.695,5.7025,5.695,29
2024-03-27 16:46:00,2969,5.6927,5.695,5.69,5.695,5.69,40
2024-03-27 16:47:00,5162,5.6811,5.685,5.689,5.689,5.6801,40
2024-03-27 16:48:00,11623,5.6713,5.68,5.67,5.685,5.66,111
2024-03-27 16:50:00,11697,5.6568,5.66,5.65,5.665,5.65,67
2024-03-27 16:51:00,3029,5.6402,5.6411,5.6401,5.6411,5.6401,7
2024-03-27 16:52:00,2512,5.6414,5.6408,5.64,5.645,5.64,19
2024-03-27 16:53:00,3423,5.641,5.645,5.6412,5.645,5.6401,14
2024-03-27 16:54:00,1879,5.6462,5.64,5.645,5.65,5.64,21
2024-03-27 16:55:00,4402,5.6506,5.645,5.645,5.65,5.64,20
2024-03-27 16:56:00,705,5.6479,5.65,5.65,5.65,5.65,25
2024-03-27 16:57:00,1109,5.6477,5.65,5.65,5.65,5.645,21
2024-03-27 16:58:00,64254,5.6432,5.65,5.63,5.66,5.625,357
2024-03-27 16:59:00,3047,5.6234,5.625,5.62,5.63,5.62,23
2024-03-27 17:00:00,1093,5.6248,5.625,5.62,5.625,5.62,28
2024-03-27 17:01:00,8460,5.6196,5.625,5.61,5.625,5.61,39
2024-03-27 17:02:00,1246,5.6104,5.6102,5.61,5.6102,5.61,22
2024-03-27 17:03:00,8170,5.6086,5.611,5.6,5.611,5.6,33
2024-03-27 17:04:00,111,5.6005,5.6,5.6,5.6,5.6,4
2024-03-27 17:05:00,98148,5.5831,5.6,5.575,5.6,5.57,438
2024-03-27 17:06:00,14212,5.5658,5.57,5.5602,5.575,5.5602,48
2024-03-27 17:07:00,49205,5.5697,5.56,5.55,5.58,5.55,256
2024-03-27 17:08:00,213,5.5659,5.55,5.55,5.55,5.55,3
2024-03-27 17:09:00,2416,5.551,5.555,5.5503,5.555,5.55,9
2024-03-27 17:10:00,31231,5.567,5.55,5.55,5.58,5.545,63
2024-03-27 17:12:00,16880,5.5399,5.54,5.54,5.545,5.53,35
2024-03-27 17:13:00,9609,5.5296,5.535,5.525,5.535,5.52,46
2024-03-27 17:14:00,34727,5.5096,5.52,5.505,5.52,5.495,98
2024-03-27 17:15:00,9215,5.5099,5.51,5.51,5.51,5.5,57
2024-03-27 17:16:00,22127,5.5063,5.5,5.5096,5.51,5.5,95
2024-03-27 17:17:00,746,5.5048,5.51,5.505,5.51,5.505,12
2024-03-27 17:18:00,32578,5.5101,5.51,5.51,5.52,5.505,34
2024-03-27 17:19:00,19453,5.539,5.515,5.55,5.55,5.515,95
2024-03-27 17:20:00,23823,5.5519,5.5499,5.55,5.565,5.5499,65
2024-03-27 17:21:00,8595,5.5402,5.5495,5.54,5.5495,5.54,22
2024-03-27 17:22:00,1801,5.5398,5.54,5.54,5.54,5.54,22
2024-03-27 17:23:00,902,5.5381,5.535,5.535,5.54,5.535,11
2024-03-27 17:24:00,10566,5.5302,5.535,5.5301,5.535,5.53,16
2024-03-27 17:25:00,205,5.5351,5.53,5.53,5.53,5.53,4
2024-03-27 17:26:00,120,5.5356,5.535,5.535,5.535,5.535,3
2024-03-27 17:27:00,5716,5.5307,5.54,5.525,5.54,5.525,35
2024-03-27 17:28:00,100,5.52,5.52,5.52,5.52,5.52,1
2024-03-27 17:29:00,15500,5.5077,5.52,5.51,5.52,5.5,47
2024-03-27 17:30:00,1214,5.5157,5.5,5.5049,5.51,5.5,18
2024-03-27 17:31:00,8225,5.5076,5.5,5.515,5.515,5.5,57
2024-03-27 17:32:00,360,5.5121,5.515,5.515,5.515,5.515,15
2024-03-27 17:33:00,32229,5.5008,5.51,5.5,5.51,5.495,125
2024-03-27 17:34:00,10161,5.4999,5.495,5.5,5.51,5.495,69
2024-03-27 17:35:00,6136,5.5007,5.5,5.51,5.51,5.495,61
2024-03-27 17:36:00,19260,5.5261,5.51,5.53,5.54,5.505,103
2024-03-27 17:37:00,7729,5.5296,5.53,5.5298,5.53,5.52,11
2024-03-27 17:38:00,6096,5.5337,5.53,5.53,5.54,5.53,54
2024-03-27 17:39:00,1316,5.5422,5.545,5.54,5.545,5.54,9
2024-03-27 17:40:00,16526,5.5445,5.54,5.545,5.56,5.54,85
2024-03-27 17:41:00,22100,5.541,5.545,5.535,5.549,5.535,18
2024-03-27 17:42:00,4351,5.5399,5.535,5.5401,5.545,5.535,24
2024-03-27 17:44:00,24141,5.5381,5.545,5.53,5.55,5.53,105
2024-03-27 17:45:00,12940,5.5301,5.5301,5.53,5.5301,5.53,43
2024-03-27 17:46:00,5778,5.5198,5.52,5.52,5.52,5.515,38
2024-03-27 17:47:00,9794,5.5103,5.515,5.51,5.515,5.51,39
2024-03-27 17:48:00,297,5.5119,5.51,5.51,5.51,5.51,8
2024-03-27 17:49:00,510,5.5102,5.51,5.51,5.51,5.51,10
2024-03-27 17:50:00,11358,5.5082,5.51,5.5,5.51,5.5,57
2024-03-27 17:51:00,33041,5.5192,5.505,5.525,5.53,5.505,174
2024-03-27 17:52:00,20942,5.5242,5.52,5.51,5.53,5.51,73
2024-03-27 17:53:00,1022,5.5126,5.5125,5.5125,5.5125,5.5125,3
2024-03-27 17:54:00,180,5.5161,5.515,5.515,5.515,5.515,4
2024-03-27 17:55:00,17079,5.5045,5.51,5.5,5.51,5.5,58
2024-03-27 17:56:00,801,5.5053,5.505,5.5,5.505,5.5,11
2024-03-27 17:57:00,2644,5.5046,5.51,5.5,5.51,5.5,26
2024-03-27 17:58:00,405,5.5012,5.5,5.5,5.505,5.5,6
2024-03-27 17:59:00,2710,5.5016,5.505,5.5,5.51,5.5,13
2024-03-27 18:00:00,42867,5.5021,5.5,5.51,5.51,5.495,338
2024-03-27 18:01:00,32232,5.5076,5.51,5.505,5.515,5.5,117
2024-03-27 18:02:00,21585,5.4863,5.5,5.48,5.5,5.48,94
2024-03-27 18:04:00,33998,5.4988,5.49,5.51,5.51,5.485,175
2024-03-27 18:05:00,29830,5.5144,5.5099,5.51,5.52,5.505,118
2024-03-27 18:06:00,1963,5.5169,5.52,5.52,5.52,5.515,12
2024-03-27 18:07:00,28162,5.5039,5.52,5.49,5.52,5.485,131
2024-03-27 18:08:00,2729,5.4912,5.49,5.495,5.5,5.49,21
2024-03-27 18:09:00,8917,5.5079,5.5,5.5,5.5104,5.5,62
2024-03-27 18:10:00,556,5.5056,5.505,5.51,5.51,5.505,5
2024-03-27 18:11:00,1143,5.5013,5.5,5.51,5.51,5.5,18
2024-03-27 18:12:00,1615,5.5039,5.51,5.505,5.51,5.5,14
2024-03-27 18:13:00,1501,5.5073,5.51,5.505,5.51,5.505,10
2024-03-27 18:14:00,1745,5.5081,5.51,5.505,5.51,5.505,20
2024-03-27 18:15:00,4375,5.5019,5.51,5.5,5.51,5.5,24
2024-03-27 18:16:00,3731,5.5018,5.51,5.505,5.51,5.5,25
2024-03-27 18:17:00,2930,5.503,5.505,5.5,5.51,5.5,20
2024-03-27 18:18:00,7147,5.5123,5.51,5.52,5.52,5.51,71
2024-03-27 18:19:00,9871,5.5103,5.5109,5.505,5.52,5.505,48
2024-03-27 18:20:00,24980,5.5008,5.505,5.5,5.51,5.495,139
2024-03-27 18:21:00,10342,5.5084,5.5,5.52,5.52,5.5,72
2024-03-27 18:22:00,3774,5.5096,5.515,5.51,5.515,5.505,39
2024-03-27 18:23:00,14960,5.5001,5.5,5.5,5.505,5.5,54
2024-03-27 18:24:00,4671,5.5025,5.5,5.5,5.51,5.5,32
2024-03-27 18:25:00,2989,5.5047,5.5,5.505,5.51,5.5,23
2024-03-27 18:26:00,665795,5.5002,5.505,5.51,5.515,5.5,92
2024-03-27 18:27:00,326574,5.5115,5.505,5.52,5.525,5.505,38
2024-03-27 18:28:00,27454,5.5328,5.525,5.53,5.54,5.525,159
2024-03-27 18:29:00,6448,5.53,5.535,5.52,5.535,5.52,29
2024-03-27 18:30:00,5728,5.529,5.525,5.53,5.5305,5.525,41
2024-03-27 18:31:00,6720,5.5197,5.52,5.515,5.52,5.515,47
2024-03-27 18:32:00,9679,5.5263,5.515,5.53,5.54,5.515,76
2024-03-27 18:33:00,17555,5.5304,5.53,5.53,5.54,5.52,82
2024-03-27 18:34:00,7160,5.5091,5.52,5.52,5.53,5.52,17
2024-03-27 18:35:00,1938,5.5224,5.52,5.53,5.53,5.52,23
2024-03-27 18:36:00,672,5.5265,5.525,5.525,5.525,5.525,3
2024-03-27 18:37:00,1499,5.5263,5.53,5.525,5.53,5.525,20
2024-03-27 18:38:00,40749,5.53,5.525,5.525,5.54,5.52,180
2024-03-27 18:39:00,1967,5.525,5.525,5.525,5.525,5.525,21
2024-03-27 18:40:00,4713,5.5294,5.525,5.53,5.53,5.525,40
2024-03-27 18:41:00,1055,5.5261,5.525,5.525,5.53,5.525,13
2024-03-27 18:42:00,1255,5.525,5.525,5.525,5.525,5.525,15
2024-03-27 18:43:00,1496,5.5262,5.525,5.5201,5.53,5.5201,20
2024-03-27 18:44:00,2698,5.5277,5.525,5.525,5.53,5.5212,22
2024-03-27 18:45:00,15557,5.5209,5.53,5.52,5.53,5.515,72
2024-03-27 18:46:00,28525,5.512,5.515,5.515,5.52,5.51,113
2024-03-27 18:47:00,2071,5.5056,5.51,5.505,5.51,5.5012,23
2024-03-27 18:48:00,1449,5.5065,5.505,5.505,5.505,5.505,8
2024-03-27 18:49:00,225,5.5051,5.505,5.505,5.505,5.505,3
2024-03-27 18:50:00,20973,5.5,5.505,5.495,5.505,5.495,113
2024-03-27 18:51:00,385,5.495,5.495,5.495,5.495,5.495,5
2024-03-27 18:52:00,836,5.4958,5.495,5.495,5.495,5.495,13
2024-03-27 18:53:00,3827,5.4911,5.495,5.49,5.495,5.49,32
2024-03-27 18:54:00,402,5.4941,5.495,5.495,5.495,5.495,7
2024-03-27 18:55:00,3593,5.5036,5.49,5.495,5.495,5.49,21
2024-03-27 18:56:00,12931,5.4865,5.49,5.48,5.49,5.48,74
2024-03-27 18:57:00,3138,5.4805,5.48,5.485,5.485,5.48,31
2024-03-27 18:58:00,36547,5.4847,5.485,5.5,5.5,5.475,182
2024-03-27 18:59:00,2410,5.4908,5.49,5.49,5.5,5.49,21
2024-03-27 19:00:00,1176,5.491,5.49,5.49,5.49,5.49,16
2024-03-27 19:01:00,3086,5.49,5.49,5.49,5.49,5.49,19
2024-03-27 19:02:00,3163,5.4937,5.49,5.495,5.495,5.49,22
2024-03-27 19:03:00,5097,5.49,5.49,5.49,5.49,5.49,26
2024-03-27 19:04:00,3737,5.4804,5.48,5.475,5.48,5.475,48
2024-03-27 19:05:00,11890,5.4711,5.475,5.47,5.475,5.465,56
2024-03-27 19:06:00,214,5.4626,5.46,5.46,5.46,5.46,7
2024-03-27 19:07:00,14014,5.4689,5.465,5.465,5.47,5.465,94
2024-03-27 19:08:00,7723,5.4711,5.47,5.47,5.475,5.465,48
2024-03-27 19:09:00,5067,5.4697,5.47,5.47,5.47,5.465,31
2024-03-27 19:10:00,1718,5.4667,5.46,5.46,5.46,5.46,22
2024-03-27 19:12:00,12967,5.4594,5.46,5.455,5.465,5.455,69
2024-03-27 19:13:00,1439,5.4547,5.455,5.45,5.455,5.45,8
2024-03-27 19:14:00,5533,5.4487,5.455,5.445,5.455,5.445,42
2024-03-27 19:15:00,1168,5.4464,5.445,5.445,5.445,5.445,13
2024-03-27 19:16:00,5919,5.4449,5.445,5.44,5.445,5.44,13
2024-03-27 19:17:00,3678,5.4409,5.445,5.44,5.445,5.44,43
2024-03-27 19:18:00,9459,5.4363,5.44,5.435,5.44,5.43,53
2024-03-27 19:19:00,4852,5.431,5.43,5.43,5.435,5.43,24
2024-03-27 19:20:00,2068,5.437,5.43,5.43,5.43,5.43,17
2024-03-27 19:21:00,48073,5.4298,5.43,5.42,5.44,5.42,170
2024-03-27 19:22:00,31076,5.4142,5.42,5.4075,5.425,5.4,98
2024-03-27 19:23:00,27381,5.4126,5.405,5.41,5.42,5.405,101
2024-03-27 19:24:00,44048,5.422,5.41,5.44,5.44,5.41,169
2024-03-27 19:25:00,2066,5.443,5.445,5.44,5.445,5.44,16
2024-03-27 19:26:00,4187,5.4394,5.44,5.435,5.44,5.435,31
2024-03-27 19:28:00,1537,5.4351,5.44,5.43,5.44,5.43,16
2024-03-27 19:29:00,30804,5.4296,5.435,5.43,5.435,5.42,112
2024-03-27 19:30:00,3231,5.4347,5.435,5.43,5.44,5.43,38
2024-03-27 19:31:00,40732,5.4217,5.43,5.41,5.43,5.41,183
2024-03-27 19:32:00,9997,5.4139,5.41,5.41,5.415,5.41,34
2024-03-27 19:33:00,19394,5.4195,5.415,5.425,5.425,5.415,103
2024-03-27 19:34:00,484,5.4249,5.425,5.425,5.425,5.425,12
2024-03-27 19:35:00,23417,5.4367,5.425,5.45,5.45,5.425,148
2024-03-27 19:36:00,5596,5.4555,5.46,5.4515,5.46,5.45,41
2024-03-27 19:37:00,6174,5.4701,5.46,5.475,5.475,5.46,56
2024-03-27 19:38:00,34591,5.4775,5.475,5.465,5.485,5.46,148
2024-03-27 19:39:00,5725,5.4737,5.465,5.48,5.48,5.465,46
2024-03-27 19:40:00,6284,5.472,5.475,5.47,5.48,5.47,60
2024-03-27 19:41:00,1852,5.4669,5.47,5.465,5.47,5.465,23
2024-03-27 19:42:00,14570,5.4563,5.465,5.465,5.465,5.46,49
2024-03-27 19:43:00,21342,5.461,5.46,5.46,5.465,5.46,84
2024-03-27 19:44:00,4831,5.4659,5.465,5.465,5.47,5.465,43
2024-03-27 19:45:00,10737,5.4662,5.465,5.465,5.47,5.465,81
2024-03-27 19:46:00,31248,5.469,5.465,5.475,5.475,5.46,198
2024-03-27 19:47:00,13438,5.4867,5.48,5.495,5.495,5.48,97
2024-03-27 19:48:00,8282,5.4948,5.495,5.495,5.5,5.49,69
2024-03-27 19:49:00,6598,5.4957,5.495,5.495,5.5,5.495,67
2024-03-27 19:50:00,21475,5.496,5.495,5.495,5.5,5.49,165
2024-03-27 19:51:00,21508,5.492,5.495,5.495,5.495,5.49,124
2024-03-27 19:52:00,18394,5.4896,5.495,5.495,5.5,5.49,96
2024-03-27 19:53:00,43792,5.4995,5.495,5.5,5.505,5.49,271
2024-03-27 19:54:00,27751,5.5011,5.5,5.5,5.51,5.5,232
2024-03-27 19:55:00,46663,5.4953,5.5,5.495,5.5,5.49,196
2024-03-27 19:56:00,36071,5.4957,5.4905,5.5,5.5,5.49,219
2024-03-27 19:57:00,32395,5.4951,5.495,5.495,5.5,5.49,211
2024-03-27 19:58:00,71513,5.4987,5.495,5.51,5.51,5.49,351
2024-03-27 19:59:00,93089,5.5089,5.505,5.52,5.52,5.5,491
2024-03-27 20:00:00,41244,5.51,5.51,5.51,5.51,5.51,18
2024-03-28 13:10:00,100,5.51,5.51,5.51,5.51,5.51,1
2024-03-28 13:11:00,4400,5.5547,5.59,5.51,5.6,5.51,7
2024-03-28 13:13:00,2693,5.5906,5.59,5.6,5.61,5.58,13
2024-03-28 13:30:00,46799,5.573,5.53,5.67,5.68,5.3534,177
2024-03-28 13:31:00,89929,5.781,5.67,5.839,5.84,5.67,547
2024-03-28 13:32:00,32268,5.7992,5.84,5.8,5.85,5.75,251
2024-03-28 13:33:00,72016,5.8345,5.79,5.84,5.86,5.77,497
2024-03-28 13:34:00,71689,5.8444,5.835,5.83,5.88,5.82,360
2024-03-28 13:35:00,31246,5.8361,5.85,5.84,5.86,5.82,242
2024-03-28 13:36:00,28754,5.8187,5.84,5.79,5.84,5.79,207
2024-03-28 13:37:00,22798,5.7357,5.7806,5.715,5.8,5.71,136
2024-03-28 13:38:00,6686,5.7165,5.71,5.72,5.72,5.71,70
2024-03-28 13:39:00,18444,5.7102,5.72,5.67,5.73,5.67,191
2024-03-28 13:40:00,33542,5.697,5.68,5.695,5.71,5.68,170
2024-03-28 13:41:00,615,5.6936,5.695,5.695,5.695,5.69,6
2024-03-28 13:42:00,53963,5.7518,5.695,5.765,5.8,5.695,216
2024-03-28 13:43:00,8071,5.7502,5.76,5.75,5.76,5.74,37
2024-03-28 13:44:00,21161,5.7725,5.7677,5.7699,5.79,5.76,92
2024-03-28 13:45:00,8806,5.7489,5.77,5.73,5.77,5.725,60
2024-03-28 13:46:00,24310,5.703,5.72,5.72,5.72,5.69,170
2024-03-28 13:47:00,12711,5.6906,5.725,5.6896,5.725,5.68,96
2024-03-28 13:48:00,3400,5.6894,5.685,5.6894,5.69,5.685,6
2024-03-28 13:49:00,34413,5.7011,5.68,5.69,5.71,5.68,219
2024-03-28 13:50:00,10562,5.6834,5.69,5.68,5.69,5.68,69
2024-03-28 13:51:00,19853,5.6696,5.67,5.67,5.68,5.65,167
2024-03-28 13:52:00,1761,5.6693,5.67,5.66,5.67,5.66,19
2024-03-28 13:53:00,231,5.675,5.665,5.665,5.665,5.665,5
2024-03-28 13:54:00,4356,5.6554,5.665,5.65,5.665,5.65,44
2024-03-28 13:55:00,5119,5.6665,5.65,5.67,5.68,5.65,64
2024-03-28 13:56:00,19718,5.6679,5.68,5.665,5.68,5.65,123
2024-03-28 13:57:00,20588,5.6885,5.67,5.695,5.7,5.665,151
2024-03-28 13:58:00,1674,5.695,5.695,5.695,5.695,5.695,25
2024-03-28 13:59:00,824,5.6965,5.695,5.695,5.7,5.695,13
2024-03-28 14:00:00,56401,5.7267,5.695,5.71,5.745,5.69,356
2024-03-28 14:01:00,7110,5.7153,5.72,5.71,5.725,5.705,60
2024-03-28 14:02:00,3478,5.7025,5.71,5.7,5.71,5.7,43
2024-03-28 14:03:00,6927,5.6962,5.705,5.69,5.7093,5.6825,69
2024-03-28 14:04:00,4016,5.6921,5.68,5.705,5.705,5.68,38
2024-03-28 14:05:00,11465,5.6951,5.705,5.68,5.705,5.68,76
2024-03-28 14:06:00,110,5.6807,5.68,5.68,5.68,5.68,3
2024-03-28 14:07:00,1002,5.682,5.68,5.68,5.685,5.68,14
2024-03-28 14:08:00,466,5.6807,5.68,5.68,5.68,5.68,7
2024-03-28 14:09:00,3629,5.6908,5.68,5.695,5.7,5.68,42
2024-03-28 14:10:00,2402,5.695,5.695,5.695,5.695,5.695,21
2024-03-28 14:11:00,10348,5.7154,5.7,5.7199,5.72,5.7,93
2024-03-28 14:12:00,22942,5.7061,5.71,5.7,5.715,5.7,159
2024-03-28 14:13:00,5430,5.7069,5.7,5.7025,5.71,5.7,35
2024-03-28 14:14:00,62118,5.7178,5.7025,5.725,5.739,5.7025,395
2024-03-28 14:15:00,30108,5.7562,5.73,5.765,5.77,5.73,173
2024-03-28 14:16:00,19677,5.7615,5.765,5.77,5.77,5.75,81
2024-03-28 14:17:00,16345,5.7778,5.77,5.789,5.79,5.769,101
2024-03-28 14:18:00,68029,5.7959,5.789,5.795,5.81,5.77,283
2024-03-28 14:19:00,35449,5.786,5.795,5.785,5.8,5.775,193
2024-03-28 14:20:00,22943,5.8005,5.79,5.805,5.81,5.79,123
2024-03-28 14:21:00,43633,5.8089,5.805,5.825,5.829,5.8025,144
2024-03-28 14:22:00,77762,5.8372,5.825,5.88,5.88,5.81,349
2024-03-28 14:23:00,73981,5.8735,5.875,5.86,5.89,5.85,298
2024-03-28 14:24:00,13821,5.8603,5.86,5.859,5.87,5.855,89
2024-03-28 14:25:00,20143,5.862,5.855,5.87,5.87,5.85,137
2024-03-28 14:26:00,20643,5.8837,5.87,5.895,5.9,5.87,146
2024-03-28 14:27:00,402,5.8952,5.895,5.895,5.895,5.895,7
2024-03-28 14:28:00,67964,5.9115,5.895,5.905,5.93,5.895,327
2024-03-28 14:29:00,109108,5.9252,5.905,5.939,5.94,5.905,261
2024-03-28 14:30:00,54048,5.9218,5.94,5.92,5.94,5.9,419
2024-03-28 14:31:00,46356,5.9212,5.915,5.93,5.9399,5.91,291
2024-03-28 14:32:00,209105,5.9576,5.94,5.98,5.995,5.94,384
2024-03-28 14:33:00,47816,5.9646,5.97,5.96,5.98,5.94,277
2024-03-28 14:34:00,225185,5.9894,5.955,6.005,6.02,5.955,566
2024-03-28 14:35:00,43623,5.9923,6.0,5.965,6.01,5.96,260
2024-03-28 14:36:00,238487,5.9933,5.97,5.9653,6.02,5.96,267
2024-03-28 14:37:00,36822,5.9337,5.965,5.92,5.97,5.91,236
2024-03-28 14:38:00,8409,5.9302,5.915,5.935,5.94,5.915,67
2024-03-28 14:39:00,30372,5.9618,5.94,5.945,5.97,5.94,129
2024-03-28 14:40:00,1776,5.9586,5.945,5.945,5.945,5.945,19
2024-03-28 14:41:00,21005,5.9508,5.9401,5.954,5.96,5.9401,97
2024-03-28 14:42:00,33215,5.9505,5.955,5.94,5.96,5.94,241
2024-03-28 14:43:00,5472,5.9438,5.94,5.94,5.945,5.94,24
2024-03-28 14:44:00,2313,5.9419,5.94,5.945,5.945,5.94,25
2024-03-28 14:45:00,28924,5.9262,5.94,5.925,5.94,5.91,156
2024-03-28 14:46:00,10159,5.9222,5.92,5.91,5.925,5.91,68
2024-03-28 14:47:00,56924,5.9152,5.9108,5.92,5.925,5.91,317
2024-03-28 14:48:00,12865,5.925,5.92,5.9199,5.935,5.91,99
2024-03-28 14:49:00,37647,5.9358,5.915,5.911,5.92,5.9099,71
2024-03-28 14:50:00,38286,5.8924,5.92,5.87,5.925,5.87,191
2024-03-28 14:51:00,19261,5.8793,5.861,5.9,5.9,5.86,91
2024-03-28 14:52:00,9221,5.9003,5.9,5.89,5.91,5.89,58
2024-03-28 14:53:00,16792,5.89,5.89,5.88,5.9,5.88,72
2024-03-28 14:54:00,1765,5.8963,5.88,5.905,5.905,5.88,16
2024-03-28 14:55:00,2911,5.9127,5.905,5.91,5.92,5.905,34
2024-03-28 14:56:00,23936,5.9158,5.915,5.93,5.93,5.905,130
2024-03-28 14:57:00,12394,5.9258,5.925,5.93,5.93,5.9207,47
2024-03-28 14:58:00,19300,5.9188,5.9299,5.9,5.93,5.9,116
2024-03-28 14:59:00,3978,5.8912,5.9,5.885,5.9,5.885,35
2024-03-28 15:00:00,8052,5.879,5.88,5.875,5.88,5.875,93
2024-03-28 15:01:00,398,5.8727,5.875,5.87,5.875,5.87,8
2024-03-28 15:02:00,35973,5.8771,5.875,5.9,5.909,5.855,267
2024-03-28 15:03:00,24605,5.9001,5.905,5.89,5.91,5.89,122
2024-03-28 15:04:00,1084,5.8934,5.9,5.89,5.9,5.89,14
2024-03-28 15:05:00,13706,5.8893,5.89,5.89,5.89,5.88,70
2024-03-28 15:06:00,7737,5.8793,5.885,5.87,5.885,5.87,82
2024-03-28 15:07:00,2084,5.8743,5.87,5.875,5.88,5.87,24
2024-03-28 15:08:00,97923,5.8841,5.875,5.88,5.91,5.87,320
2024-03-28 15:09:00,5148,5.881,5.885,5.88,5.885,5.88,45
2024-03-28 15:10:00,5532,5.8706,5.87,5.87,5.875,5.87,40
2024-03-28 15:11:00,28079,5.843,5.86,5.82,5.86,5.82,210
2024-03-28 15:12:00,3895,5.8256,5.8225,5.82,5.83,5.82,44
2024-03-28 15:13:00,26013,5.8436,5.82,5.85,5.85,5.82,78
2024-03-28 15:14:00,12611,5.8389,5.84,5.835,5.84,5.835,102
2024-03-28 15:15:00,12093,5.8457,5.835,5.855,5.86,5.835,88
2024-03-28 15:16:00,2999,5.8602,5.8597,5.855,5.86,5.855,20
2024-03-28 15:17:00,904,5.8558,5.86,5.85,5.86,5.85,11
2024-03-28 15:18:00,454,5.8539,5.855,5.855,5.855,5.85,11
2024-03-28 15:19:00,28962,5.8403,5.855,5.83,5.86,5.82,134
2024-03-28 15:20:00,1349,5.8317,5.835,5.83,5.84,5.83,11
2024-03-28 15:21:00,17053,5.8341,5.835,5.845,5.85,5.82,114
2024-03-28 15:22:00,3758,5.8405,5.84,5.845,5.845,5.84,27
2024-03-28 15:23:00,7549,5.85,5.845,5.85,5.855,5.84,54
2024-03-28 15:24:00,18979,5.8509,5.8509,5.855,5.859,5.845,61
2024-03-28 15:25:00,3297,5.854,5.86,5.855,5.86,5.85,29
2024-03-28 15:26:00,11721,5.8433,5.85,5.84,5.85,5.83,83
2024-03-28 15:27:00,9933,5.831,5.83,5.83,5.84,5.825,93
2024-03-28 15:28:00,1544,5.8318,5.83,5.83,5.835,5.83,20
2024-03-28 15:29:00,13161,5.8453,5.835,5.85,5.859,5.83,85
2024-03-28 15:30:00,27112,5.8692,5.855,5.87,5.88,5.855,166
2024-03-28 15:31:00,8319,5.8842,5.875,5.89,5.89,5.875,70
2024-03-28 15:32:00,17786,5.8861,5.89,5.88,5.89,5.875,86
2024-03-28 15:33:00,7744,5.8787,5.88,5.875,5.8801,5.875,73
2024-03-28 15:34:00,17720,5.874,5.875,5.885,5.885,5.865,142
2024-03-28 15:35:00,6313,5.8792,5.88,5.875,5.88,5.875,26
2024-03-28 15:36:00,1717,5.8762,5.875,5.875,5.88,5.875,17
2024-03-28 15:37:00,17022,5.881,5.875,5.89,5.9,5.87,125
2024-03-28 15:38:00,64489,5.9066,5.895,5.91,5.915,5.895,289
2024-03-28 15:39:00,60195,5.8958,5.9,5.895,5.92,5.881,237
2024-03-28 15:40:00,18947,5.8869,5.895,5.875,5.895,5.875,82
2024-03-28 15:41:00,9267,5.8797,5.875,5.885,5.885,5.875,49
2024-03-28 15:42:00,3350,5.885,5.885,5.885,5.89,5.88,30
2024-03-28 15:43:00,1932,5.8854,5.885,5.885,5.89,5.885,26
2024-03-28 15:44:00,13761,5.8787,5.885,5.87,5.885,5.86,57
2024-03-28 15:45:00,6749,5.8567,5.865,5.845,5.87,5.845,63
2024-03-28 15:46:00,19974,5.8515,5.84,5.865,5.865,5.84,98
2024-03-28 15:47:00,14161,5.8597,5.865,5.855,5.865,5.85,42
2024-03-28 15:48:00,4997,5.8675,5.86,5.875,5.88,5.86,54
2024-03-28 15:49:00,2006,5.876,5.875,5.875,5.88,5.87,25
2024-03-28 15:50:00,26508,5.8669,5.87,5.865,5.88,5.86,125
2024-03-28 15:51:00,918,5.8673,5.869,5.87,5.87,5.865,11
2024-03-28 15:52:00,49411,5.8621,5.87,5.845,5.88,5.84,268
2024-03-28 15:53:00,16213,5.8506,5.85,5.855,5.855,5.85,27
2024-03-28 15:54:00,3132,5.8593,5.8599,5.859,5.86,5.855,16
2024-03-28 15:55:00,1893,5.8567,5.855,5.859,5.86,5.855,39
2024-03-28 15:56:00,33926,5.8761,5.855,5.88,5.889,5.855,141
2024-03-28 15:57:00,4194,5.8778,5.875,5.875,5.88,5.875,37
2024-03-28 15:58:00,901,5.8772,5.879,5.879,5.879,5.875,10
2024-03-28 15:59:00,12072,5.886,5.879,5.895,5.8999,5.87,104
2024-03-28 16:00:00,26212,5.8867,5.89,5.88,5.895,5.88,102
2024-03-28 16:01:00,3719,5.8793,5.88,5.88,5.88,5.875,39
2024-03-28 16:02:00,20389,5.882,5.885,5.88,5.89,5.88,132
2024-03-28 16:03:00,2009,5.8731,5.875,5.8711,5.875,5.8711,25
2024-03-28 16:04:00,714,5.8736,5.875,5.875,5.875,5.87,9
2024-03-28 16:05:00,14400,5.868,5.875,5.855,5.875,5.855,123
2024-03-28 16:06:00,5930,5.8623,5.855,5.86,5.87,5.855,62
2024-03-28 16:07:00,833,5.8651,5.865,5.865,5.87,5.86,12
2024-03-28 16:08:00,2511,5.8637,5.865,5.86,5.87,5.86,22
2024-03-28 16:09:00,30037,5.8758,5.86,5.88,5.895,5.86,184
2024-03-28 16:10:00,47344,5.8766,5.885,5.875,5.89,5.86,263
2024-03-28 16:11:00,1329,5.8733,5.87,5.875,5.875,5.87,13
2024-03-28 16:12:00,9231,5.87,5.87,5.87,5.87,5.87,39
2024-03-28 16:13:00,5247,5.8757,5.87,5.875,5.88,5.87,25
2024-03-28 16:14:00,1408,5.8755,5.88,5.87,5.88,5.87,15
2024-03-28 16:15:00,28968,5.8678,5.875,5.85,5.875,5.85,123
2024-03-28 16:16:00,12587,5.8594,5.855,5.865,5.865,5.85,73
2024-03-28 16:17:00,31683,5.8701,5.87,5.87,5.88,5.86,140
2024-03-28 16:18:00,7681,5.8544,5.86,5.845,5.86,5.845,73
2024-03-28 16:19:00,309,5.8417,5.845,5.84,5.845,5.84,5
2024-03-28 16:20:00,2192,5.8442,5.84,5.84,5.845,5.84,33
2024-03-28 16:21:00,409,5.8484,5.84,5.845,5.845,5.84,6
2024-03-28 16:22:00,4123,5.8408,5.84,5.84,5.845,5.84,43
2024-03-28 16:23:00,1910,5.8442,5.84,5.849,5.849,5.84,20
2024-03-28 16:24:00,1607,5.8446,5.849,5.84,5.849,5.84,16
2024-03-28 16:25:00,4850,5.8457,5.84,5.85,5.85,5.84,61
2024-03-28 16:26:00,1220,5.847,5.85,5.849,5.85,5.84,17
2024-03-28 16:27:00,2160,5.8453,5.845,5.849,5.849,5.84,24
2024-03-28 16:28:00,15916,5.8511,5.84,5.86,5.86,5.84,78
2024-03-28 16:29:00,30234,5.8495,5.859,5.85,5.859,5.84,93
2024-03-28 16:30:00,376,5.845,5.845,5.845,5.845,5.845,10
2024-03-28 16:31:00,27967,5.8384,5.845,5.83,5.85,5.83,139
2024-03-28 16:32:00,3667,5.8342,5.83,5.8311,5.84,5.83,89
2024-03-28 16:33:00,5231,5.8302,5.83,5.83,5.835,5.83,53
2024-03-28 16:34:00,6479,5.817,5.82,5.81,5.8212,5.81,59
2024-03-28 16:35:00,5767,5.8077,5.81,5.8,5.81,5.8,59
2024-03-28 16:36:00,1717,5.8046,5.8,5.8,5.8,5.8,21
2024-03-28 16:37:00,7255,5.7996,5.8,5.8,5.8,5.795,101
2024-03-28 16:38:00,19605,5.7897,5.8,5.785,5.8,5.78,116
2024-03-28 16:39:00,983,5.795,5.795,5.795,5.795,5.795,15
2024-03-28 16:40:00,1601,5.795,5.795,5.8,5.8,5.795,18
2024-03-28 16:41:00,590,5.795,5.795,5.795,5.795,5.795,7
2024-03-28 16:42:00,16576,5.8039,5.795,5.815,5.815,5.795,91
2024-03-28 16:43:00,1237,5.8151,5.815,5.815,5.815,5.815,16
2024-03-28 16:44:00,1480,5.816,5.815,5.815,5.82,5.815,17
2024-03-28 16:45:00,28083,5.81,5.81,5.8,5.815,5.8,98
2024-03-28 16:46:00,23754,5.8159,5.805,5.82,5.82,5.8,124
2024-03-28 16:47:00,1296,5.815,5.81,5.82,5.82,5.81,26
2024-03-28 16:48:00,1331,5.8166,5.815,5.82,5.82,5.815,15
2024-03-28 16:49:00,4245,5.8143,5.82,5.82,5.82,5.81,46
2024-03-28 16:50:00,18650,5.8097,5.81,5.805,5.81,5.8,81
2024-03-28 16:52:00,13163,5.7974,5.8,5.79,5.8,5.79,84
2024-03-28 16:53:00,3673,5.7874,5.79,5.78,5.79,5.78,40
2024-03-28 16:54:00,11122,5.7901,5.785,5.8,5.8,5.78,73
2024-03-28 16:55:00,723,5.7947,5.795,5.795,5.795,5.795,11
2024-03-28 16:56:00,470,5.7931,5.795,5.79,5.795,5.79,7
2024-03-28 16:57:00,11214,5.79,5.795,5.78,5.795,5.78,57
2024-03-28 16:58:00,941,5.7804,5.78,5.78,5.783,5.78,17
2024-03-28 16:59:00,4065,5.7835,5.78,5.785,5.785,5.78,37
2024-03-28 17:00:00,2473,5.7864,5.785,5.785,5.79,5.785,43
2024-03-28 17:01:00,2984,5.785,5.78,5.785,5.785,5.78,17
2024-03-28 17:02:00,12319,5.7954,5.785,5.81,5.81,5.7825,82
2024-03-28 17:03:00,15280,5.8047,5.81,5.81,5.82,5.8,71
2024-03-28 17:04:00,3650,5.8126,5.815,5.81,5.815,5.81,17
2024-03-28 17:05:00,1384,5.8143,5.815,5.81,5.82,5.81,20
2024-03-28 17:06:00,1406,5.8113,5.815,5.82,5.82,5.81,16
2024-03-28 17:07:00,1279,5.8122,5.815,5.81,5.82,5.81,22
2024-03-28 17:08:00,1329,5.8126,5.81,5.81,5.82,5.81,15
2024-03-28 17:09:00,2575,5.814,5.81,5.81,5.82,5.81,33
2024-03-28 17:10:00,30955,5.8102,5.81,5.82,5.82,5.805,131
2024-03-28 17:11:00,1406,5.8113,5.815,5.81,5.815,5.81,17
2024-03-28 17:12:00,1720,5.814,5.815,5.81,5.815,5.81,44
2024-03-28 17:13:00,1527,5.8152,5.815,5.815,5.82,5.81,13
2024-03-28 17:14:00,871,5.8141,5.815,5.82,5.82,5.81,12
2024-03-28 17:15:00,1008,5.8137,5.815,5.815,5.815,5.81,13
2024-03-28 17:16:00,7561,5.8207,5.82,5.825,5.83,5.815,55
2024-03-28 17:17:00,3546,5.8208,5.82,5.82,5.825,5.82,22
2024-03-28 17:18:00,12853,5.8293,5.82,5.84,5.84,5.82,92
2024-03-28 17:19:00,815,5.8368,5.84,5.835,5.84,5.835,13
2024-03-28 17:20:00,1085,5.8348,5.84,5.83,5.84,5.83,18
2024-03-28 17:21:00,35848,5.8288,5.83,5.81,5.835,5.81,106
2024-03-28 17:22:00,4843,5.81,5.81,5.81,5.81,5.81,28
2024-03-28 17:23:00,2893,5.8101,5.81,5.81,5.81,5.81,28
2024-03-28 17:24:00,1824,5.81,5.81,5.81,5.81,5.81,26
2024-03-28 17:25:00,4705,5.8129,5.81,5.81,5.82,5.81,48
2024-03-28 17:26:00,10784,5.8188,5.81,5.82,5.82,5.81,81
2024-03-28 17:27:00,611,5.8258,5.825,5.825,5.83,5.825,8
2024-03-28 17:28:00,843,5.8226,5.82,5.82,5.825,5.82,6
2024-03-28 17:29:00,1015,5.822,5.82,5.82,5.825,5.82,10
2024-03-28 17:30:00,3968,5.8204,5.82,5.825,5.825,5.82,21
2024-03-28 17:31:00,2111,5.8217,5.82,5.82,5.8288,5.82,26
2024-03-28 17:32:00,23227,5.8201,5.825,5.82,5.825,5.82,90
2024-03-28 17:33:00,28462,5.8254,5.81,5.835,5.835,5.81,165
2024-03-28 17:34:00,1895,5.8366,5.835,5.84,5.84,5.83,15
2024-03-28 17:35:00,13021,5.8403,5.84,5.845,5.85,5.835,87
2024-03-28 17:36:00,831,5.844,5.845,5.845,5.845,5.8418,9
2024-03-28 17:37:00,1144,5.8455,5.845,5.85,5.85,5.845,13
2024-03-28 17:38:00,3402,5.8484,5.845,5.85,5.85,5.845,11
2024-03-28 17:39:00,47280,5.8472,5.85,5.835,5.855,5.8315,221
2024-03-28 17:40:00,12880,5.8398,5.835,5.84,5.84,5.835,77
2024-03-28 17:41:00,784,5.8337,5.83,5.835,5.84,5.83,13
2024-03-28 17:42:00,546,5.8323,5.83,5.83,5.83,5.83,16
2024-03-28 17:43:00,1226,5.8358,5.835,5.835,5.84,5.83,17
2024-03-28 17:44:00,1444,5.8355,5.83,5.835,5.84,5.83,22
2024-03-28 17:45:00,1189,5.8346,5.84,5.83,5.84,5.83,25
2024-03-28 17:46:00,23320,5.8451,5.835,5.855,5.855,5.83,101
2024-03-28 17:47:00,1340,5.8533,5.85,5.85,5.8575,5.85,18
2024-03-28 17:48:00,667,5.8557,5.86,5.855,5.86,5.855,20
2024-03-28 17:49:00,2191,5.8566,5.86,5.855,5.86,5.855,24
2024-03-28 17:50:00,19483,5.8509,5.855,5.855,5.86,5.85,88
2024-03-28 17:51:00,2895,5.8527,5.855,5.85,5.855,5.85,14
2024-03-28 17:52:00,438,5.8503,5.85,5.85,5.85,5.85,11
2024-03-28 17:53:00,2225,5.8519,5.85,5.85,5.855,5.85,42
2024-03-28 17:54:00,1205,5.8515,5.85,5.85,5.8598,5.85,14
2024-03-28 17:55:00,5710,5.8506,5.85,5.85,5.8575,5.85,47
2024-03-28 17:56:00,2192,5.8508,5.85,5.85,5.855,5.85,26
2024-03-28 17:57:00,4153,5.8546,5.85,5.855,5.86,5.85,53
2024-03-28 17:58:00,2835,5.8552,5.855,5.855,5.86,5.85,25
2024-03-28 17:59:00,2275,5.855,5.86,5.85,5.86,5.85,28
2024-03-28 18:00:00,10346,5.8524,5.85,5.855,5.86,5.85,55
2024-03-28 18:01:00,38014,5.8484,5.855,5.84,5.855,5.835,147
2024-03-28 18:02:00,15930,5.8397,5.83,5.835,5.845,5.83,97
2024-03-28 18:03:00,734,5.8343,5.835,5.83,5.835,5.83,13
2024-03-28 18:04:00,2060,5.8335,5.835,5.835,5.84,5.83,26
2024-03-28 18:05:00,16815,5.8418,5.8305,5.855,5.855,5.83,148
2024-03-28 18:06:00,1823,5.8533,5.85,5.855,5.86,5.85,19
2024-03-28 18:07:00,22500,5.8646,5.855,5.88,5.88,5.855,110
2024-03-28 18:08:00,1404,5.8758,5.8775,5.875,5.88,5.875,11
2024-03-28 18:09:00,12901,5.8808,5.875,5.885,5.89,5.875,72
2024-03-28 18:10:00,8389,5.8904,5.885,5.9,5.9,5.885,57
2024-03-28 18:11:00,5850,5.8918,5.895,5.8902,5.9,5.89,19
2024-03-28 18:12:00,5217,5.893,5.9,5.9,5.9,5.89,37
2024-03-28 18:13:00,5483,5.9013,5.9,5.91,5.91,5.895,47
2024-03-28 18:14:00,62122,5.9084,5.905,5.9,5.92,5.9,216
2024-03-28 18:15:00,2673,5.8967,5.9,5.895,5.9,5.89,43
2024-03-28 18:16:00,1401,5.8929,5.8901,5.89,5.8965,5.89,16
2024-03-28 18:17:00,3809,5.8958,5.895,5.895,5.9,5.89,36
2024-03-28 18:18:00,4697,5.8976,5.89,5.895,5.9,5.89,25
2024-03-28 18:19:00,10295,5.9012,5.9,5.91,5.91,5.89,77
2024-03-28 18:20:00,12966,5.9091,5.905,5.905,5.91,5.9,105
2024-03-28 18:21:00,1355,5.9058,5.905,5.905,5.91,5.905,12
2024-03-28 18:22:00,1745,5.9053,5.9,5.905,5.91,5.9,14
2024-03-28 18:23:00,2876,5.9076,5.91,5.91,5.91,5.905,23
2024-03-28 18:24:00,2556,5.9085,5.905,5.905,5.91,5.905,32
2024-03-28 18:25:00,2093,5.9087,5.91,5.91,5.91,5.905,21
2024-03-28 18:26:00,2706,5.9074,5.905,5.9,5.91,5.9,28
2024-03-28 18:27:00,3702,5.9073,5.905,5.91,5.91,5.9,38
2024-03-28 18:28:00,2530,5.9072,5.91,5.905,5.91,5.905,27
2024-03-28 18:29:00,3676,5.9061,5.905,5.91,5.91,5.905,35
2024-03-28 18:30:00,7911,5.9081,5.91,5.905,5.91,5.9,46
2024-03-28 18:31:00,37846,5.9124,5.91,5.9285,5.93,5.9,211
2024-03-28 18:32:00,97874,5.9174,5.92,5.92,5.925,5.9,245
2024-03-28 18:33:00,10866,5.9207,5.915,5.925,5.925,5.915,67
2024-03-28 18:34:00,1654,5.9236,5.92,5.925,5.925,5.92,20
2024-03-28 18:35:00,27515,5.9305,5.925,5.945,5.945,5.92,141
2024-03-28 18:36:00,2196,5.9424,5.94,5.945,5.945,5.94,25
2024-03-28 18:37:00,2350,5.937,5.9417,5.94,5.945,5.94,18
2024-03-28 18:38:00,1487,5.943,5.945,5.945,5.945,5.94,12
2024-03-28 18:39:00,2117,5.9436,5.94,5.945,5.95,5.94,23
2024-03-28 18:40:00,47047,5.9369,5.945,5.93,5.945,5.93,123
2024-03-28 18:41:00,1797,5.933,5.935,5.93,5.935,5.93,17
2024-03-28 18:42:00,37226,5.9369,5.935,5.94,5.945,5.93,166
2024-03-28 18:43:00,4265,5.935,5.93,5.935,5.94,5.93,22
2024-03-28 18:44:00,1310,5.9362,5.935,5.94,5.94,5.935,15
2024-03-28 18:45:00,1568,5.9343,5.9318,5.935,5.935,5.9312,20
2024-03-28 18:46:00,2249,5.9367,5.935,5.94,5.94,5.935,21
2024-03-28 18:47:00,24559,5.9456,5.935,5.955,5.955,5.935,123
2024-03-28 18:48:00,5188,5.9578,5.955,5.955,5.96,5.955,39
2024-03-28 18:49:00,1374,5.9549,5.96,5.955,5.96,5.95,18
2024-03-28 18:50:00,47761,5.9486,5.955,5.955,5.955,5.94,182
2024-03-28 18:51:00,706,5.9531,5.955,5.955,5.955,5.955,17
2024-03-28 18:52:00,1683,5.9529,5.95,5.96,5.96,5.95,18
2024-03-28 18:53:00,10397,5.9554,5.95,5.96,5.96,5.95,53
2024-03-28 18:54:00,39798,5.9595,5.95,5.96,5.965,5.95,145
2024-03-28 18:55:00,4947,5.9554,5.95,5.96,5.96,5.95,41
2024-03-28 18:56:00,8726,5.9552,5.96,5.955,5.96,5.95,69
2024-03-28 18:57:00,50558,5.942,5.96,5.92,5.96,5.92,216
2024-03-28 18:58:00,1859,5.9219,5.925,5.92,5.93,5.92,31
2024-03-28 18:59:00,3230,5.9216,5.925,5.92,5.925,5.92,40
2024-03-28 19:00:00,34521,5.9123,5.92,5.89,5.92,5.89,201
2024-03-28 19:01:00,10230,5.8898,5.89,5.89,5.9,5.885,91
2024-03-28 19:02:00,3907,5.8914,5.89,5.89,5.9,5.89,46
2024-03-28 19:03:00,28079,5.8988,5.89,5.91,5.91,5.89,181
2024-03-28 19:04:00,21341,5.8998,5.91,5.89,5.91,5.89,65
2024-03-28 19:05:00,9600,5.8907,5.8902,5.8903,5.9,5.89,24
2024-03-28 19:06:00,17015,5.8889,5.89,5.885,5.89,5.88,63
2024-03-28 19:07:00,1430,5.8806,5.88,5.88,5.88,5.88,18
2024-03-28 19:08:00,21262,5.8886,5.88,5.895,5.9,5.88,96
2024-03-28 19:09:00,6040,5.8925,5.895,5.895,5.9,5.89,22
2024-03-28 19:10:00,13942,5.893,5.89,5.895,5.9,5.89,102
2024-03-28 19:11:00,40398,5.8902,5.895,5.895,5.9,5.885,122
2024-03-28 19:12:00,1961,5.8944,5.895,5.89,5.895,5.89,27
2024-03-28 19:13:00,22909,5.9003,5.89,5.91,5.91,5.89,102
2024-03-28 19:14:00,40012,5.9182,5.915,5.915,5.925,5.91,188
2024-03-28 19:15:00,3791,5.9152,5.915,5.915,5.92,5.91,28
2024-03-28 19:16:00,4023,5.9155,5.915,5.92,5.92,5.91,15
2024-03-28 19:17:00,5840,5.9158,5.915,5.915,5.92,5.91,36
2024-03-28 19:18:00,38439,5.9239,5.915,5.93,5.94,5.91,205
2024-03-28 19:19:00,14384,5.9405,5.94,5.945,5.95,5.935,97
2024-03-28 19:20:00,102918,5.9542,5.95,5.97,5.97,5.945,305
2024-03-28 19:21:00,81840,5.9623,5.97,5.965,5.97,5.96,278
2024-03-28 19:22:00,24260,5.9719,5.965,5.985,5.985,5.96,134
2024-03-28 19:23:00,110710,5.9776,5.985,5.985,5.99,5.96,331
2024-03-28 19:24:00,236338,5.9906,5.985,5.98,6.0,5.965,659
2024-03-28 19:25:00,4001,5.9756,5.975,5.97,5.98,5.97,26
2024-03-28 19:26:00,13963,5.9819,5.975,5.985,5.99,5.975,93
2024-03-28 19:27:00,5316,5.9869,5.985,5.985,5.9899,5.98,55
2024-03-28 19:28:00,63436,5.9812,5.985,5.98,5.99,5.975,209
2024-03-28 19:29:00,7071,5.9857,5.985,5.985,5.99,5.98,60
2024-03-28 19:30:00,51546,5.992,5.985,5.995,6.0,5.985,156
2024-03-28 19:31:00,77048,5.9866,5.99,5.975,5.995,5.975,199
2024-03-28 19:32:00,24297,5.9687,5.97,5.965,5.975,5.96,143
2024-03-28 19:33:00,19095,5.9735,5.96,5.982,5.99,5.96,102
2024-03-28 19:34:00,37065,5.98,5.985,5.97,5.985,5.97,152
2024-03-28 19:35:00,2595,5.9757,5.972,5.98,5.98,5.972,46
2024-03-28 19:36:00,3677,5.9744,5.975,5.975,5.978,5.97,48
2024-03-28 19:37:00,176352,5.9889,5.97,5.965,6.01,5.965,611
2024-03-28 19:38:00,10110,5.9685,5.97,5.965,5.97,5.965,44
2024-03-28 19:39:00,73935,5.9854,5.965,5.995,6.0,5.965,280
2024-03-28 19:40:00,7293,5.9959,5.995,6.0,6.0,5.99,69
2024-03-28 19:41:00,52744,5.992,5.995,5.995,6.0,5.99,195
2024-03-28 19:42:00,4398,5.9965,5.995,6.0,6.0,5.99,35
2024-03-28 19:43:00,22227,5.9953,5.995,5.995,6.0,5.99,113
2024-03-28 19:44:00,108143,5.9996,5.995,5.995,6.0,5.99,251
2024-03-28 19:45:00,267466,5.9875,6.0,5.96,6.0,5.9511,716
2024-03-28 19:46:00,160509,5.9476,5.96,5.955,5.96,5.94,493
2024-03-28 19:47:00,11690,5.9583,5.955,5.96,5.96,5.95,58
2024-03-28 19:48:00,48642,5.9718,5.955,5.99,5.99,5.955,227
2024-03-28 19:49:00,72501,5.9782,5.98,5.9737,5.99,5.97,211
2024-03-28 19:50:00,111588,5.9866,5.975,5.99,6.0,5.975,328
2024-03-28 19:51:00,27356,5.9909,5.985,6.0,6.0,5.98,103
2024-03-28 19:52:00,106857,5.9945,5.9999,5.995,6.0,5.99,271
2024-03-28 19:53:00,92318,5.9989,5.9999,6.0,6.0,5.99,219
2024-03-28 19:54:00,381933,6.0044,5.999,6.03,6.04,5.99,803
2024-03-28 19:55:00,186280,6.0247,6.03,6.02,6.035,6.01,400
2024-03-28 19:56:00,65853,6.0183,6.02,6.02,6.02,6.01,223
2024-03-28 19:57:00,118760,6.0137,6.02,6.015,6.02,6.01,279
2024-03-28 19:58:00,132947,6.0155,6.01,6.02,6.02,6.01,374
2024-03-28 19:59:00,352612,6.0316,6.02,6.03,6.04,6.02,886
2024-03-28 20:00:00,34136,6.03,6.03,6.03,6.03,6.03,12
2024-03-28 20:23:00,300,6.098,6.098,6.098,6.098,6.098,1
2024-03-28 20:54:00,100,6.09,6.09,6.09,6.09,6.09,1
2024-03-28 21:14:00,1000,6.0335,6.04,6.03,6.04,6.03,4
2024-03-28 22:32:00,200,6.04,6.04,6.04,6.04,6.04,1
2024-03-28 23:38:00,1500,6.03,6.03,6.03,6.03,6.03,2
2024-03-28 23:43:00,200,6.04,6.04,6.04,6.04,6.04,1
